#VRML V2.0 utf8
# 3D model generated by easyeda2kicad.py (https://github.com/uPesy/easyeda2kicad.py)

Shape{
    appearance Appearance {
        material  Material 	{
            diffuseColor 1.0 1.0 1.0
            specularColor 0.5019607843137255 0.5019607843137255 0.5019607843137255
            ambientIntensity 0.2
            transparency 0
            shininess 0.5
        }
    }
    geometry IndexedFaceSet {
        ccw TRUE
        solid FALSE
        coord DEF co Coordinate {
            point [
                0.2165 1.7717 0.5108, 0.2165 1.6929 0.5108, 0.2165 1.7717 0.1142, 0.2165 1.6929 0.1142, 0.2165 1.7726 0.1054, 0.2165 1.6959 0.0879, 0.2165 1.7756 0.0971, 0.2165 1.7046 0.0629, 0.2165 1.7802 0.0896, 0.2165 1.7187 0.0405, 0.2165 1.7865 0.0834, 0.2165 1.7374 0.0218, 0.2165 1.7939 0.0787, 0.2165 1.7598 0.0078, 0.2165 1.8023 0.0758, 0.2165 1.7847 -0.001, 0.2165 1.811 0.0748, 0.2165 1.811 -0.0039, 0.2165 2.2441 0.0748, 0.2165 2.2441 -0.0039, -0.2312 2.2835 -0.0039, -0.3346 2.2835 -0.0039, -0.2312 2.2835 0.0748, -0.3346 2.2835 0.0748, -0.1666 2.2045 -0.0039, -0.1453 2.1859 -0.0039, -0.374 1.811 -0.0039, -0.1828 2.2276 -0.0039, -0.374 2.2441 -0.0039, -0.1931 2.2539 -0.0039, -0.1203 2.1729 -0.0039, -0.0929 2.1662 -0.0039, -0.0646 2.1662 -0.0039, -0.0372 2.1729 -0.0039, -0.2145 2.2797 -0.0039, -0.2071 2.2752 -0.0039, -0.2009 2.2692 -0.0039, -0.0121 2.1859 -0.0039, 0.0091 2.2045 -0.0039, 0.0253 2.2276 -0.0039, 0.0356 2.2539 -0.0039, 0.0737 2.2835 -0.0039, -0.1962 2.262 -0.0039, -0.2226 2.2825 -0.0039, 0.0434 2.2692 -0.0039, 0.0496 2.2752 -0.0039, 0.057 2.2797 -0.0039, -0.3727 2.2543 -0.0039, -0.3448 2.2821 -0.0039, -0.3687 2.2638 -0.0039, -0.3625 2.2719 -0.0039, -0.3543 2.2782 -0.0039, 0.0387 2.262 -0.0039, 0.0652 2.2825 -0.0039, 0.2113 2.2638 -0.0039, 0.1874 2.2821 -0.0039, 0.205 2.2719 -0.0039, 0.1969 2.2782 -0.0039, 0.1772 2.2835 -0.0039, 0.2152 2.2543 -0.0039, 0.1772 2.2835 0.0748, 0.0737 2.2835 0.0748, 0.0356 2.2539 0.0748, 0.0253 2.2276 0.0748, -0.0121 2.1859 0.0748, -0.0372 2.1729 0.0748, -0.0646 2.1662 0.0748, -0.374 1.811 0.0748, -0.0929 2.1662 0.0748, -0.1203 2.1729 0.0748, 0.0091 2.2045 0.0748, -0.1453 2.1859 0.0748, -0.1666 2.2045 0.0748, -0.374 2.2441 0.0748, 0.0652 2.2825 0.0748, 0.0434 2.2692 0.0748, 0.057 2.2797 0.0748, 0.0496 2.2752 0.0748, -0.2009 2.2692 0.0748, -0.2071 2.2752 0.0748, -0.2145 2.2797 0.0748, -0.2226 2.2825 0.0748, -0.1931 2.2539 0.0748, -0.1828 2.2276 0.0748, 0.0387 2.262 0.0748, 0.1874 2.2821 0.0748, 0.2152 2.2543 0.0748, 0.2113 2.2638 0.0748, 0.205 2.2719 0.0748, 0.1969 2.2782 0.0748, -0.1962 2.262 0.0748, -0.3687 2.2638 0.0748, -0.3448 2.2821 0.0748, -0.3625 2.2719 0.0748, -0.3543 2.2782 0.0748, -0.3727 2.2543 0.0748, -0.374 1.8023 0.0758, -0.374 1.7939 0.0787, -0.374 1.7865 0.0834, -0.374 1.7802 0.0896, -0.374 1.7756 0.0971, -0.374 1.7726 0.1054, -0.374 1.7717 0.1142, 0.0699 1.7717 0.6587, 0.1023 1.7717 0.6676, 0.0197 1.7717 1.1574, -0.0051 1.7717 1.5188, 0.0561 1.7717 1.5231, -0.1714 1.7717 0.3521, -0.1821 1.7717 0.3263, -0.374 1.7717 1.0931, -0.0305 1.7717 0.6587, 0.0029 1.7717 0.6542, -0.051 1.7717 0.402, -0.0787 1.7717 0.4056, -0.2209 1.7717 0.8309, -0.2088 1.7717 0.7995, 0.1887 1.7717 0.7187, 0.4861 1.7717 0.5108, 0.1622 1.7717 0.6978, 0.1333 1.7717 0.6807, -0.0252 1.7717 0.2059, -0.003 1.7717 0.2229, 0.014 1.7717 0.2451, 0.212 1.7717 0.7429, 0.232 1.7717 0.77, 0.2482 1.7717 0.7995, 0.2603 1.7717 0.8309, 0.2681 1.7717 0.8636, 0.4861 1.7717 1.0931, 0.2714 1.7717 0.8971, 0.2703 1.7717 0.9307, 0.0533 1.7717 1.1552, 0.1173 1.7717 1.5188, 0.0862 1.7717 1.1485, 0.1772 1.7717 1.5057, 0.118 1.7717 1.1374, -0.1858 1.7717 0.2986, -0.1821 1.7717 0.2709, -0.0252 1.7717 0.3913, -0.1727 1.7717 0.7429, -0.1493 1.7717 0.7187, -0.1229 1.7717 0.6978, -0.1714 1.7717 0.2451, -0.1544 1.7717 0.2229, -0.1323 1.7717 0.2059, 0.0365 1.7717 0.6542, -0.003 1.7717 0.3743, 0.014 1.7717 0.3521, -0.1926 1.7717 0.77, -0.0939 1.7717 0.6807, -0.0629 1.7717 0.6676, 0.0247 1.7717 0.2709, 0.0283 1.7717 0.2986, 0.0247 1.7717 0.3263, 0.2647 1.7717 0.9639, 0.2547 1.7717 0.996, 0.4818 1.7717 1.1543, 0.2406 1.7717 1.0266, 0.4687 1.7717 1.2142, 0.2225 1.7717 1.0549, 0.4473 1.7717 1.2717, 0.2008 1.7717 1.0806, 0.2347 1.7717 1.4843, 0.2886 1.7717 1.4549, 0.1481 1.7717 1.1222, 0.3377 1.7717 1.4181, 0.1758 1.7717 1.1032, 0.3811 1.7717 1.3747, 0.4179 1.7717 1.3256, -0.1064 1.7717 0.1952, -0.0787 1.7717 0.1915, -0.051 1.7717 0.1952, -0.2287 1.7717 0.8636, -0.0651 1.7717 1.5057, -0.0139 1.7717 1.1552, -0.1226 1.7717 1.4843, -0.0469 1.7717 1.1485, -0.1765 1.7717 1.4549, -0.0787 1.7717 1.1374, -0.2256 1.7717 1.4181, -0.269 1.7717 1.3747, -0.1087 1.7717 1.1222, -0.3057 1.7717 1.3256, -0.1364 1.7717 1.1032, -0.3352 1.7717 1.2717, -0.1614 1.7717 1.0806, -0.3566 1.7717 1.2142, -0.1831 1.7717 1.0549, -0.3696 1.7717 1.1543, -0.2012 1.7717 1.0266, -0.2154 1.7717 0.996, -0.2253 1.7717 0.9639, -0.1064 1.7717 0.402, -0.1323 1.7717 0.3913, -0.1544 1.7717 0.3743, -0.2309 1.7717 0.9307, -0.2321 1.7717 0.8971, -0.374 1.6929 0.1142, -0.1323 1.6929 0.2059, -0.1544 1.6929 0.2229, -0.1858 1.6929 0.2986, -0.374 1.6929 1.0931, -0.1821 1.6929 0.3263, -0.1714 1.6929 0.3521, 0.4687 1.6929 1.2142, 0.4473 1.6929 1.2717, 0.0561 1.6929 1.5231, 0.3377 1.6929 1.4181, 0.2886 1.6929 1.4549, 0.3811 1.6929 1.3747, 0.2347 1.6929 1.4843, 0.1772 1.6929 1.5057, -0.0051 1.6929 1.5188, -0.0651 1.6929 1.5057, 0.4861 1.6929 1.0931, -0.1226 1.6929 1.4843, -0.0252 1.6929 0.2059, -0.051 1.6929 0.1952, -0.0787 1.6929 0.1915, -0.1064 1.6929 0.1952, -0.1714 1.6929 0.2451, -0.1821 1.6929 0.2709, -0.1544 1.6929 0.3743, -0.1323 1.6929 0.3913, -0.1064 1.6929 0.402, 0.4818 1.6929 1.1543, 0.4179 1.6929 1.3256, 0.1173 1.6929 1.5188, -0.1765 1.6929 1.4549, -0.2256 1.6929 1.4181, -0.269 1.6929 1.3747, -0.0787 1.6929 0.4056, -0.051 1.6929 0.402, -0.0252 1.6929 0.3913, -0.003 1.6929 0.3743, 0.0247 1.6929 0.2709, 0.014 1.6929 0.2451, -0.003 1.6929 0.2229, -0.3057 1.6929 1.3256, -0.3352 1.6929 1.2717, -0.3566 1.6929 1.2142, 0.4861 1.6929 0.5108, -0.3696 1.6929 1.1543, 0.014 1.6929 0.3521, 0.0247 1.6929 0.3263, 0.0283 1.6929 0.2986, -0.374 1.6959 0.0879, -0.374 1.7046 0.0629, -0.374 1.7187 0.0405, -0.374 1.7374 0.0218, -0.374 1.7598 0.0078, -0.374 1.7847 -0.001, 0.0197 1.7717 1.0787, 0.0449 1.7717 1.0768, 0.0197 1.7717 0.9055, -0.0538 1.7717 1.0623, -0.0302 1.7717 1.0713, -0.0055 1.7717 1.0768, -0.1134 1.7717 1.0163, -0.0959 1.7717 1.0345, -0.0759 1.7717 1.0499, -0.1478 1.7717 0.9493, -0.1397 1.7717 0.9732, -0.1281 1.7717 0.9957, -0.1506 1.7717 0.8741, -0.1534 1.7717 0.8992, -0.1524 1.7717 0.9244, -0.1211 1.7717 0.8048, -0.1343 1.7717 0.8263, -0.1442 1.7717 0.8496, -0.0651 1.7717 0.7545, -0.0861 1.7717 0.7685, -0.105 1.7717 0.7853, 0.007 1.7717 0.7328, -0.018 1.7717 0.7365, -0.0422 1.7717 0.7438, 0.0815 1.7717 0.7438, 0.0573 1.7717 0.7365, 0.0323 1.7717 0.7328, 0.1443 1.7717 0.7853, 0.1255 1.7717 0.7685, 0.1044 1.7717 0.7545, 0.1836 1.7717 0.8496, 0.1737 1.7717 0.8263, 0.1605 1.7717 0.8048, 0.1918 1.7717 0.9244, 0.1927 1.7717 0.8992, 0.19 1.7717 0.8741, 0.1675 1.7717 0.9957, 0.179 1.7717 0.9732, 0.1872 1.7717 0.9493, 0.1152 1.7717 1.0499, 0.1352 1.7717 1.0345, 0.1528 1.7717 1.0163, 0.0696 1.7717 1.0713, 0.0932 1.7717 1.0623, -0.0368 1.8008 1.1118, -0.0088 1.8008 1.1175, -0.0112 1.811 1.1156, -0.0365 1.811 1.1105, -0.0414 1.811 1.1088, -0.0638 1.8008 1.1024, -0.0633 1.811 1.1012, -0.0703 1.811 1.0976, -0.0893 1.8008 1.0895, -0.0886 1.811 1.0884, -0.0973 1.811 1.0824, -0.1129 1.8008 1.0734, -0.112 1.811 1.0723, -0.1218 1.811 1.0634, -0.134 1.8008 1.0542, -0.1331 1.811 1.0533, -0.1525 1.8008 1.0324, -0.1433 1.811 1.0412, -0.1514 1.811 1.0316, -0.1679 1.8008 1.0083, -0.1614 1.811 1.016, -0.1667 1.811 1.0076, -0.1799 1.8008 0.9824, -0.1756 1.811 0.9885, -0.1786 1.811 0.9819, -0.1857 1.811 0.9592, -0.1884 1.8008 0.9551, -0.187 1.811 0.9548, -0.1914 1.811 0.9287, -0.1931 1.8008 0.9269, -0.1918 1.811 0.9268, -0.1941 1.8008 0.8984, -0.1927 1.811 0.8984, -0.1927 1.811 0.8978, -0.1912 1.8008 0.8699, -0.1899 1.811 0.8702, -0.1891 1.811 0.867, -0.1846 1.8008 0.8421, -0.1833 1.811 0.8425, -0.1812 1.811 0.837, -0.1743 1.8008 0.8155, -0.1731 1.811 0.8161, -0.169 1.811 0.8085, -0.1606 1.8008 0.7904, -0.1594 1.811 0.7912, -0.1528 1.811 0.7821, -0.1436 1.8008 0.7674, -0.1426 1.811 0.7683, -0.133 1.811 0.7583, -0.1238 1.8008 0.7469, -0.1229 1.811 0.7479, -0.1014 1.8008 0.7292, -0.1099 1.811 0.7377, -0.1006 1.811 0.7303, -0.0768 1.8008 0.7146, -0.0841 1.811 0.7205, -0.0762 1.811 0.7158, -0.0505 1.8008 0.7035, -0.0561 1.811 0.7073, -0.05 1.811 0.7047, -0.0265 1.811 0.6983, -0.0229 1.8008 0.6959, -0.0226 1.811 0.6972, 0.0042 1.811 0.6936, 0.0054 1.8008 0.6921, 0.0055 1.811 0.6935, 0.034 1.8008 0.6921, 0.0339 1.811 0.6935, 0.0352 1.811 0.6936, 0.0623 1.8008 0.6959, 0.062 1.811 0.6972, 0.0658 1.811 0.6983, 0.0898 1.8008 0.7035, 0.0894 1.811 0.7047, 0.0955 1.811 0.7073, 0.1161 1.8008 0.7146, 0.1155 1.811 0.7158, 0.1235 1.811 0.7205, 0.1407 1.8008 0.7292, 0.14 1.811 0.7303, 0.1493 1.811 0.7377, 0.1631 1.8008 0.7469, 0.1622 1.811 0.7479, 0.183 1.8008 0.7674, 0.1723 1.811 0.7583, 0.182 1.811 0.7683, 0.2 1.8008 0.7904, 0.1922 1.811 0.7821, 0.1988 1.811 0.7912, 0.2137 1.8008 0.8155, 0.2083 1.811 0.8085, 0.2125 1.811 0.8161, 0.2239 1.8008 0.8421, 0.2205 1.811 0.837, 0.2227 1.811 0.8425, 0.2285 1.811 0.867, 0.2306 1.8008 0.8699, 0.2292 1.811 0.8702, 0.232 1.811 0.8978, 0.2334 1.8008 0.8984, 0.2321 1.811 0.8984, 0.2322 1.811 0.9055, 0.2325 1.8008 0.9269, 0.2311 1.811 0.9268, 0.2308 1.811 0.9287, 0.2277 1.8008 0.9551, 0.2264 1.811 0.9548, 0.2251 1.811 0.9592, 0.2193 1.8008 0.9824, 0.218 1.811 0.9819, 0.215 1.811 0.9885, 0.2072 1.8008 1.0083, 0.2061 1.811 1.0076, 0.2007 1.811 1.016, 0.1919 1.8008 1.0324, 0.1908 1.811 1.0316, 0.1827 1.811 1.0412, 0.1734 1.8008 1.0542, 0.1725 1.811 1.0533, 0.1522 1.8008 1.0734, 0.1612 1.811 1.0634, 0.1514 1.811 1.0723, 0.1287 1.8008 1.0895, 0.1367 1.811 1.0824, 0.128 1.811 1.0884, 0.1032 1.8008 1.1024, 0.1097 1.811 1.0976, 0.1027 1.811 1.1012, 0.0808 1.811 1.1088, 0.0762 1.8008 1.1118, 0.0758 1.811 1.1105, 0.0506 1.811 1.1156, 0.0482 1.8008 1.1175, 0.048 1.811 1.1161, 0.0197 1.8008 1.1194, 0.0197 1.811 1.118, -0.0086 1.811 1.1161, 0.0487 1.7913 1.1214, 0.0772 1.7913 1.1156, 0.1047 1.7913 1.106, 0.1307 1.7913 1.0929, 0.1547 1.7913 1.0764, 0.1762 1.7913 1.0569, 0.195 1.7913 1.0347, 0.2107 1.7913 1.0102, 0.2229 1.7913 0.9838, 0.2316 1.7913 0.956, 0.2364 1.7913 0.9273, 0.2374 1.7913 0.8982, 0.2344 1.7913 0.8693, 0.2277 1.7913 0.841, 0.2172 1.7913 0.8138, 0.2033 1.7913 0.7883, 0.186 1.7913 0.7649, 0.1658 1.7913 0.744, 0.1429 1.7913 0.7259, 0.1179 1.7913 0.7111, 0.0911 1.7913 0.6998, 0.0631 1.7913 0.6921, 0.0342 1.7913 0.6882, 0.0051 1.7913 0.6882, -0.0237 1.7913 0.6921, -0.0518 1.7913 0.6998, -0.0785 1.7913 0.7111, -0.1036 1.7913 0.7259, -0.1264 1.7913 0.744, -0.1466 1.7913 0.7649, -0.1639 1.7913 0.7883, -0.1779 1.7913 0.8138, -0.1883 1.7913 0.841, -0.1951 1.7913 0.8693, -0.198 1.7913 0.8982, -0.197 1.7913 0.9273, -0.1922 1.7913 0.956, -0.1836 1.7913 0.9838, -0.1713 1.7913 1.0102, -0.1557 1.7913 1.0347, -0.1369 1.7913 1.0569, -0.1153 1.7913 1.0764, -0.0913 1.7913 1.0929, -0.0653 1.7913 1.106, -0.0379 1.7913 1.1156, -0.0093 1.7913 1.1214, 0.0197 1.7913 1.1233, 0.0495 1.7832 1.1276, 0.0789 1.7832 1.1216, 0.1072 1.7832 1.1118, 0.1339 1.7832 1.0983, 0.1585 1.7832 1.0814, 0.1807 1.7832 1.0613, 0.2001 1.7832 1.0384, 0.2162 1.7832 1.0132, 0.2288 1.7832 0.986, 0.2376 1.7832 0.9575, 0.2426 1.7832 0.9279, 0.2436 1.7832 0.898, 0.2406 1.7832 0.8682, 0.2337 1.7832 0.8391, 0.2229 1.7832 0.8112, 0.2085 1.7832 0.785, 0.1908 1.7832 0.7609, 0.17 1.7832 0.7393, 0.1465 1.7832 0.7208, 0.1207 1.7832 0.7055, 0.0932 1.7832 0.6939, 0.0643 1.7832 0.6859, 0.0347 1.7832 0.682, 0.0047 1.7832 0.682, -0.0249 1.7832 0.6859, -0.0538 1.7832 0.6939, -0.0814 1.7832 0.7055, -0.1071 1.7832 0.7208, -0.1306 1.7832 0.7393, -0.1514 1.7832 0.7609, -0.1692 1.7832 0.785, -0.1836 1.7832 0.8112, -0.1943 1.7832 0.8391, -0.2012 1.7832 0.8682, -0.2042 1.7832 0.898, -0.2032 1.7832 0.9279, -0.1983 1.7832 0.9575, -0.1894 1.7832 0.986, -0.1768 1.7832 1.0132, -0.1607 1.7832 1.0384, -0.1414 1.7832 1.0613, -0.1192 1.7832 1.0814, -0.0945 1.7832 1.0983, -0.0678 1.7832 1.1118, -0.0395 1.7832 1.1216, -0.0102 1.7832 1.1276, 0.0197 1.7832 1.1296, 0.0506 1.7769 1.1356, 0.081 1.7769 1.1295, 0.1103 1.7769 1.1193, 0.138 1.7769 1.1053, 0.1636 1.7769 1.0877, 0.1866 1.7769 1.0669, 0.2066 1.7769 1.0433, 0.2233 1.7769 1.0171, 0.2364 1.7769 0.989, 0.2456 1.7769 0.9593, 0.2507 1.7769 0.9288, 0.2518 1.7769 0.8978, 0.2487 1.7769 0.8669, 0.2415 1.7769 0.8367, 0.2303 1.7769 0.8078, 0.2154 1.7769 0.7806, 0.197 1.7769 0.7556, 0.1754 1.7769 0.7333, 0.1511 1.7769 0.7141, 0.1244 1.7769 0.6983, 0.0959 1.7769 0.6862, 0.0659 1.7769 0.678, 0.0352 1.7769 0.6738, 0.0042 1.7769 0.6738, -0.0266 1.7769 0.678, -0.0565 1.7769 0.6862, -0.085 1.7769 0.6983, -0.1117 1.7769 0.7141, -0.1361 1.7769 0.7333, -0.1576 1.7769 0.7556, -0.176 1.7769 0.7806, -0.1909 1.7769 0.8078, -0.2021 1.7769 0.8367, -0.2093 1.7769 0.8669, -0.2124 1.7769 0.8978, -0.2114 1.7769 0.9288, -0.2062 1.7769 0.9593, -0.197 1.7769 0.989, -0.184 1.7769 1.0171, -0.1673 1.7769 1.0433, -0.1472 1.7769 1.0669, -0.1242 1.7769 1.0877, -0.0987 1.7769 1.1053, -0.071 1.7769 1.1193, -0.0417 1.7769 1.1295, -0.0113 1.7769 1.1356, 0.0197 1.7769 1.1377, 0.0519 1.773 1.1451, 0.0835 1.773 1.1386, 0.114 1.773 1.128, 0.1429 1.773 1.1135, 0.1695 1.773 1.0952, 0.1934 1.773 1.0735, 0.2143 1.773 1.0489, 0.2316 1.773 1.0217, 0.2452 1.773 0.9924, 0.2548 1.773 0.9615, 0.2602 1.773 0.9297, 0.2613 1.773 0.8974, 0.258 1.773 0.8653, 0.2505 1.773 0.8339, 0.2389 1.773 0.8038, 0.2234 1.773 0.7755, 0.2043 1.773 0.7495, 0.1818 1.773 0.7263, 0.1565 1.773 0.7062, 0.1287 1.773 0.6898, 0.099 1.773 0.6772, 0.0678 1.773 0.6687, 0.0358 1.773 0.6643, 0.0035 1.773 0.6643, -0.0285 1.773 0.6687, -0.0596 1.773 0.6772, -0.0893 1.773 0.6898, -0.1171 1.773 0.7062, -0.1424 1.773 0.7263, -0.1649 1.773 0.7495, -0.184 1.773 0.7755, -0.1996 1.773 0.8038, -0.2112 1.773 0.8339, -0.2187 1.773 0.8653, -0.2219 1.773 0.8974, -0.2208 1.773 0.9297, -0.2154 1.773 0.9615, -0.2059 1.773 0.9924, -0.1923 1.773 1.0217, -0.1749 1.773 1.0489, -0.1541 1.773 1.0735, -0.1301 1.773 1.0952, -0.1035 1.773 1.1135, -0.0747 1.773 1.128, -0.0442 1.773 1.1386, -0.0125 1.773 1.1451, 0.0197 1.773 1.1472, 0.0494 1.81 1.1071, 0.1557 1.81 1.0573, 0.1763 1.81 1.0359, 0.1936 1.81 1.0117, 0.2072 1.81 0.9852, 0.2168 1.81 0.9571, 0.2233 1.81 0.8981, 0.2201 1.81 0.8685, 0.1664 1.81 0.7641, 0.1442 1.81 0.7442, 0.1194 1.81 0.7278, 0.0925 1.81 0.7152, 0.064 1.81 0.7066, 0.0048 1.81 0.7023, -0.1048 1.81 0.7442, -0.127 1.81 0.7641, -0.146 1.81 0.787, -0.1615 1.81 0.8123, -0.1732 1.81 0.8397, -0.1807 1.81 0.8685, -0.1839 1.81 0.8981, -0.1369 1.81 1.0359, -0.1163 1.81 1.0573, -0.0927 1.81 1.0754, -0.0668 1.81 1.09, -0.039 1.81 1.1006, -0.01 1.81 1.1071, 0.0197 1.81 1.1093, -0.129 1.7804 0.9962, -0.1406 1.7804 0.9736, -0.1314 1.7887 0.9977, -0.1433 1.7887 0.9748, -0.1354 1.7962 1.0002, -0.1476 1.7962 0.9766, -0.1408 1.8024 1.0034, -0.0655 1.7804 0.7537, -0.0425 1.7804 0.7429, -0.067 1.7887 0.7511, -0.0436 1.7887 0.7401, -0.0693 1.7962 0.747, -0.0452 1.7962 0.7358, -0.0723 1.8024 0.7416, -0.1142 1.7804 1.0169, -0.1164 1.7887 1.0188, -0.12 1.7962 1.0218, -0.1248 1.8024 1.0258, -0.1305 1.8071 1.0305, -0.0867 1.7804 0.7677, -0.0885 1.7887 0.7654, -0.0914 1.7962 0.7617, -0.0952 1.8024 0.7567, -0.0998 1.8071 0.7508, 0.1613 1.7804 0.8042, 0.1746 1.7804 0.8259, 0.1637 1.7887 0.8025, 0.1771 1.7887 0.8246, 0.1675 1.7962 0.7998, 0.1813 1.7962 0.8224, 0.1726 1.8024 0.7961, 0.1869 1.8024 0.8196, 0.1786 1.8071 0.7918, 0.1158 1.7804 1.0507, 0.0936 1.7804 1.0632, 0.1174 1.7887 1.0532, 0.0948 1.7887 1.0658, 0.12 1.7962 1.0571, 0.0968 1.7962 1.0701, 0.1234 1.8024 1.0623, 0.0995 1.8024 1.0757, 0.1275 1.8071 1.0685, -0.0965 1.7804 1.0352, -0.0985 1.7887 1.0374, -0.1016 1.7962 1.0409, -0.1058 1.8024 1.0455, -0.1107 1.8071 1.0511, -0.1057 1.7804 0.7846, -0.1078 1.7887 0.7826, -0.1112 1.7962 0.7794, -0.1156 1.8024 0.775, -0.121 1.8071 0.7699, 0.145 1.7804 0.7846, 0.1471 1.7887 0.7826, 0.1505 1.7962 0.7794, 0.155 1.8024 0.775, 0.1604 1.8071 0.7699, 0.1359 1.7804 1.0352, 0.1378 1.7887 1.0374, 0.141 1.7962 1.0409, 0.1451 1.8024 1.0455, 0.1501 1.8071 1.0511, -0.1602 1.8071 0.9819, -0.1678 1.81 0.9852, -0.1542 1.81 1.0117, -0.0501 1.8071 0.723, -0.0531 1.81 0.7152, -0.08 1.81 0.7278, 0.1935 1.8071 0.8161, 0.2009 1.81 0.8123, 0.1854 1.81 0.787, 0.1937 1.7804 0.8992, 0.1928 1.7804 0.9246, 0.1966 1.7887 0.899, 0.1957 1.7887 0.9249, 0.2013 1.7962 0.8989, 0.2003 1.7962 0.9254, 0.2075 1.8024 0.8986, 0.2065 1.8024 0.9261, 0.215 1.8071 0.8984, 0.214 1.8071 0.9269, 0.2222 1.81 0.9278, 0.1026 1.8071 1.0825, 0.1062 1.81 1.09, 0.1321 1.81 1.0754, -0.0088 1.8071 1.0989, 0.0197 1.8071 1.101, -0.0077 1.8024 1.0915, 0.0197 1.8024 1.0935, -0.0068 1.7962 1.0853, 0.0197 1.7962 1.0873, -0.0061 1.7887 1.0807, 0.0197 1.7887 1.0826, -0.0057 1.7804 1.0778, 0.0197 1.7804 1.0797, -0.0366 1.8071 1.0927, -0.0345 1.8024 1.0855, -0.0327 1.7962 1.0795, -0.0313 1.7887 1.0751, -0.0305 1.7804 1.0723, -0.0633 1.8071 1.0825, -0.0601 1.8024 1.0757, -0.0575 1.7962 1.0701, -0.0555 1.7887 1.0658, -0.0542 1.7804 1.0632, -0.0882 1.8071 1.0685, -0.084 1.8024 1.0623, -0.0806 1.7962 1.0571, -0.078 1.7887 1.0532, -0.0764 1.7804 1.0507, -0.1533 1.8024 0.979, -0.1471 1.8071 1.0073, -0.1775 1.81 0.9571, -0.1694 1.8071 0.9549, -0.1622 1.8024 0.9531, -0.1561 1.7962 0.9515, -0.1516 1.7887 0.9503, -0.1488 1.7804 0.9496, -0.1534 1.7804 0.9246, -0.1563 1.7887 0.9249, -0.161 1.7962 0.9254, -0.1672 1.8024 0.9261, -0.1746 1.8071 0.9269, -0.1829 1.81 0.9278, -0.1756 1.8071 0.8984, -0.1682 1.8024 0.8986, -0.1619 1.7962 0.8989, -0.1572 1.7887 0.899, -0.1543 1.7804 0.8992, -0.1725 1.8071 0.87, -0.1652 1.8024 0.8714, -0.159 1.7962 0.8725, -0.1544 1.7887 0.8734, -0.1516 1.7804 0.8739, -0.1653 1.8071 0.8424, -0.1582 1.8024 0.8448, -0.1523 1.7962 0.8468, -0.1479 1.7887 0.8483, -0.1451 1.7804 0.8493, -0.1541 1.8071 0.8161, -0.1475 1.8024 0.8196, -0.1419 1.7962 0.8224, -0.1378 1.7887 0.8246, -0.1352 1.7804 0.8259, -0.1393 1.8071 0.7918, -0.1332 1.8024 0.7961, -0.1281 1.7962 0.7998, -0.1243 1.7887 0.8025, -0.1219 1.7804 0.8042, -0.0475 1.8024 0.7299, -0.076 1.8071 0.7351, -0.0246 1.81 0.7066, -0.0228 1.8071 0.7147, -0.0212 1.8024 0.722, -0.0198 1.7962 0.7281, -0.0188 1.7887 0.7327, -0.0182 1.7804 0.7355, 0.0054 1.8071 0.7106, 0.006 1.8024 0.718, 0.0064 1.7962 0.7243, 0.0068 1.7887 0.7289, 0.007 1.7804 0.7318, 0.0346 1.81 0.7023, 0.034 1.8071 0.7106, 0.0334 1.8024 0.718, 0.033 1.7962 0.7243, 0.0326 1.7887 0.7289, 0.0324 1.7804 0.7318, 0.0622 1.8071 0.7147, 0.0606 1.8024 0.722, 0.0592 1.7962 0.7281, 0.0582 1.7887 0.7327, 0.0575 1.7804 0.7355, 0.0895 1.8071 0.723, 0.0868 1.8024 0.7299, 0.0846 1.7962 0.7358, 0.0829 1.7887 0.7401, 0.0819 1.7804 0.7429, 0.1153 1.8071 0.7351, 0.1117 1.8024 0.7416, 0.1086 1.7962 0.747, 0.1063 1.7887 0.7511, 0.1049 1.7804 0.7537, 0.1391 1.8071 0.7508, 0.1346 1.8024 0.7567, 0.1308 1.7962 0.7617, 0.1279 1.7887 0.7654, 0.1261 1.7804 0.7677, 0.2125 1.81 0.8397, 0.2047 1.8071 0.8424, 0.1976 1.8024 0.8448, 0.1917 1.7962 0.8468, 0.1873 1.7887 0.8483, 0.1845 1.7804 0.8493, 0.2119 1.8071 0.87, 0.2045 1.8024 0.8714, 0.1984 1.7962 0.8725, 0.1938 1.7887 0.8734, 0.1909 1.7804 0.8739, 0.2088 1.8071 0.9549, 0.2015 1.8024 0.9531, 0.1955 1.7962 0.9515, 0.191 1.7887 0.9503, 0.1882 1.7804 0.9496, 0.1996 1.8071 0.9819, 0.1927 1.8024 0.979, 0.187 1.7962 0.9766, 0.1826 1.7887 0.9748, 0.18 1.7804 0.9736, 0.1865 1.8071 1.0073, 0.1801 1.8024 1.0034, 0.1748 1.7962 1.0002, 0.1708 1.7887 0.9977, 0.1683 1.7804 0.9962, 0.1699 1.8071 1.0305, 0.1642 1.8024 1.0258, 0.1594 1.7962 1.0218, 0.1558 1.7887 1.0188, 0.1535 1.7804 1.0169, 0.0784 1.81 1.1006, 0.076 1.8071 1.0927, 0.0738 1.8024 1.0855, 0.072 1.7962 1.0795, 0.0707 1.7887 1.0751, 0.0699 1.7804 1.0723, 0.0481 1.8071 1.0989, 0.0471 1.8024 1.0915, 0.0461 1.7962 1.0853, 0.0455 1.7887 1.0807, 0.045 1.7804 1.0778, 0.753 2.2835 -0.0039, 0.6496 2.2835 -0.0039, 0.753 2.2835 0.0748, 0.6496 2.2835 0.0748, 0.81 2.2139 -0.0039, 0.6102 1.811 -0.0039, 0.7987 2.2331 -0.0039, 0.6102 2.2441 -0.0039, 0.7912 2.2539 -0.0039, 1.2008 2.2441 -0.0039, 1.2008 1.811 -0.0039, 1.001 2.2139 -0.0039, 0.8247 2.1973 -0.0039, 0.8423 2.1837 -0.0039, 0.8621 2.1736 -0.0039, 0.9489 2.1736 -0.0039, 0.9687 2.1837 -0.0039, 0.9863 2.1973 -0.0039, 0.8834 2.1674 -0.0039, 0.9055 2.1654 -0.0039, 0.9276 2.1674 -0.0039, 0.7698 2.2797 -0.0039, 0.7771 2.2752 -0.0039, 0.7833 2.2692 -0.0039, 1.0123 2.2331 -0.0039, 1.0199 2.2539 -0.0039, 1.058 2.2835 -0.0039, 0.6394 2.2821 -0.0039, 0.6116 2.2543 -0.0039, 0.7616 2.2825 -0.0039, 0.7881 2.262 -0.0039, 1.0277 2.2692 -0.0039, 1.0339 2.2752 -0.0039, 1.0412 2.2797 -0.0039, 1.0229 2.262 -0.0039, 1.0494 2.2825 -0.0039, 0.6155 2.2638 -0.0039, 0.6218 2.2719 -0.0039, 0.6299 2.2782 -0.0039, 1.1955 2.2638 -0.0039, 1.1716 2.2821 -0.0039, 1.1893 2.2719 -0.0039, 1.1811 2.2782 -0.0039, 1.1614 2.2835 -0.0039, 1.1994 2.2543 -0.0039, 1.1614 2.2835 0.0748, 1.058 2.2835 0.0748, 0.6116 2.2543 0.0748, 0.6102 2.2441 0.0748, 0.6394 2.2821 0.0748, 1.0199 2.2539 0.0748, 1.0123 2.2331 0.0748, 1.2008 2.2441 0.0748, 1.2008 1.811 0.0748, 1.001 2.2139 0.0748, 0.9863 2.1973 0.0748, 0.9687 2.1837 0.0748, 0.7987 2.2331 0.0748, 0.7912 2.2539 0.0748, 0.81 2.2139 0.0748, 0.6102 1.811 0.0748, 0.8247 2.1973 0.0748, 0.7616 2.2825 0.0748, 0.9489 2.1736 0.0748, 0.9276 2.1674 0.0748, 0.9055 2.1654 0.0748, 0.8834 2.1674 0.0748, 0.8621 2.1736 0.0748, 0.8423 2.1837 0.0748, 0.7833 2.2692 0.0748, 0.7771 2.2752 0.0748, 0.7698 2.2797 0.0748, 1.0494 2.2825 0.0748, 1.0277 2.2692 0.0748, 1.0412 2.2797 0.0748, 1.0339 2.2752 0.0748, 0.7881 2.262 0.0748, 1.0229 2.262 0.0748, 1.1716 2.2821 0.0748, 1.1994 2.2543 0.0748, 1.1955 2.2638 0.0748, 1.1893 2.2719 0.0748, 1.1811 2.2782 0.0748, 0.6299 2.2782 0.0748, 0.6218 2.2719 0.0748, 0.6155 2.2638 0.0748, 1.2008 1.8023 0.0758, 0.6102 1.8023 0.0758, 1.2008 1.7939 0.0787, 0.6102 1.7939 0.0787, 1.2008 1.7865 0.0834, 0.6102 1.7865 0.0834, 1.2008 1.7802 0.0896, 0.6102 1.7802 0.0896, 1.2008 1.7756 0.0971, 0.6102 1.7756 0.0971, 1.2008 1.7726 0.1054, 0.6102 1.7726 0.1054, 1.2008 1.7717 0.1142, 0.6102 1.7717 0.1142, 1.2008 1.7717 0.2323, 0.6102 1.7717 0.2323, 0.6102 1.6929 0.2323, 0.6102 1.6929 0.1142, 1.2008 1.6929 0.2323, 1.2008 1.6929 0.1142, 0.6102 1.6947 0.0937, 1.2008 1.6947 0.0937, 0.6102 1.7 0.0738, 1.2008 1.7 0.0738, 0.6102 1.7087 0.0551, 1.2008 1.7087 0.0551, 0.6102 1.7205 0.0383, 1.2008 1.7205 0.0383, 0.6102 1.7351 0.0237, 1.2008 1.7351 0.0237, 0.6102 1.752 0.0119, 1.2008 1.752 0.0119, 0.6102 1.7706 0.0032, 1.2008 1.7706 0.0032, 0.6102 1.7905 -0.0021, 1.2008 1.7905 -0.0021, 1.2205 1.7717 0.2717, 1.2205 1.7717 0.1575, 1.2205 1.6929 0.2717, 1.2205 1.6929 0.1575, 1.3189 1.6929 0.315, 1.3189 1.6929 0.1575, 1.3277 1.6919 0.315, 1.3277 1.6919 0.1575, 1.336 1.689 0.315, 1.336 1.689 0.1575, 1.3434 1.6843 0.315, 1.3434 1.6843 0.1575, 1.3497 1.6781 0.315, 1.3497 1.6781 0.1575, 1.3544 1.6706 0.315, 1.3544 1.6706 0.1575, 1.3573 1.6623 0.315, 1.3573 1.6623 0.1575, 1.3583 1.6535 0.315, 1.3583 1.6535 0.1575, 1.437 1.6535 0.315, 1.437 1.6535 0.1575, 1.434 1.6798 0.1575, 1.434 1.6798 0.315, 1.4253 1.7048 0.1575, 1.4253 1.7048 0.315, 1.4112 1.7272 0.1575, 1.4112 1.7272 0.315, 1.3925 1.7459 0.1575, 1.3925 1.7459 0.315, 1.3701 1.76 0.1575, 1.3701 1.76 0.315, 1.3452 1.7687 0.1575, 1.3452 1.7687 0.315, 1.3189 1.7717 0.1575, 1.3189 1.7717 0.315, 1.2205 1.7717 1.6929, 1.3189 1.7717 1.6929, 1.3189 1.7717 1.5354, 0.9639 1.7717 0.5839, 0.9843 1.7717 0.5866, 0.9055 1.7717 0.5079, 1.2205 1.7717 0.5866, 0.9161 1.7717 0.311, 0.9082 1.7717 0.33, 0.9286 1.7717 0.2947, 0.9055 1.7717 0.3504, 0.9449 1.7717 0.2822, 0.9161 1.7717 0.5472, 0.9286 1.7717 0.5636, 0.9449 1.7717 0.5761, 0.9843 1.7717 0.2717, 0.9639 1.7717 0.2743, 0.9082 1.7717 0.5283, 1.3189 1.6929 1.5354, 1.3189 1.6929 1.6929, 1.2205 1.6929 1.6929, 1.2205 1.6929 0.5866, 0.9843 1.6929 0.5866, 0.9843 1.6929 0.2717, 0.9449 1.6929 0.5761, 0.9286 1.6929 0.5636, 0.9161 1.6929 0.5472, 0.9082 1.6929 0.5283, 0.9055 1.6929 0.5079, 0.9639 1.6929 0.5839, 0.9449 1.6929 0.2822, 0.9055 1.6929 0.3504, 0.9286 1.6929 0.2947, 0.9082 1.6929 0.33, 0.9161 1.6929 0.311, 0.9639 1.6929 0.2743, 1.3277 1.6919 1.6929, 1.3277 1.6919 1.5354, 1.336 1.689 1.6929, 1.336 1.689 1.5354, 1.3434 1.6843 1.6929, 1.3434 1.6843 1.5354, 1.3497 1.6781 1.6929, 1.3497 1.6781 1.5354, 1.3544 1.6706 1.6929, 1.3544 1.6706 1.5354, 1.3573 1.6623 1.6929, 1.3573 1.6623 1.5354, 1.3583 1.6535 1.6929, 1.3583 1.6535 1.5354, 1.3583 1.5354 0.315, 1.3583 1.378 0.1575, 1.3583 1.5354 1.5354, 1.3583 1.378 1.6929, 1.437 1.378 1.6929, 1.437 1.378 0.1575, 1.437 1.6535 1.5354, 1.437 1.6535 1.6929, 1.437 1.5354 1.5354, 1.437 1.5354 0.315, 1.434 1.6798 1.5354, 1.434 1.6798 1.6929, 1.4253 1.7048 1.5354, 1.4253 1.7048 1.6929, 1.4112 1.7272 1.5354, 1.4112 1.7272 1.6929, 1.3925 1.7459 1.5354, 1.3925 1.7459 1.6929, 1.3701 1.76 1.5354, 1.3701 1.76 1.6929, 1.3452 1.7687 1.5354, 1.3452 1.7687 1.6929, 1.3452 1.7687 1.6929
            ]
        }
        coordIndex [
            0,1,2,-1,2,1,3,-1,2,3,4,-1,4,3,5,-1,4,5,6,-1,6,5,7,-1,6,7,8,-1,8,7,9,-1,8,9,10,-1,10,9,11,-1,10,11,12,-1,12,11,13,-1,12,13,14,-1,14,13,15,-1,14,15,16,-1,16,15,17,-1,16,17,18,-1,18,17,19,-1,20,21,22,-1,22,21,23,-1,24,25,26,-1,24,26,27,-1,27,26,28,-1,27,28,29,-1,25,30,26,-1,26,30,31,-1,26,31,17,-1,17,31,32,-1,17,32,33,-1,34,35,36,-1,33,37,17,-1,17,37,38,-1,17,38,19,-1,38,39,19,-1,19,39,40,-1,19,40,41,-1,36,42,34,-1,34,42,29,-1,34,29,43,-1,44,45,46,-1,47,48,28,-1,28,48,21,-1,28,21,29,-1,29,21,20,-1,29,20,43,-1,47,49,48,-1,48,49,50,-1,48,50,51,-1,40,52,41,-1,41,52,44,-1,41,44,53,-1,53,44,46,-1,54,55,56,-1,56,55,57,-1,41,58,19,-1,19,58,55,-1,19,55,59,-1,59,55,54,-1,58,41,60,-1,60,41,61,-1,62,63,18,-1,64,65,16,-1,16,65,66,-1,16,66,67,-1,67,66,68,-1,67,68,69,-1,18,63,16,-1,16,63,70,-1,16,70,64,-1,69,71,67,-1,67,71,72,-1,67,72,73,-1,61,74,75,-1,75,74,76,-1,75,76,77,-1,78,79,80,-1,81,22,82,-1,82,22,73,-1,82,73,83,-1,83,73,72,-1,75,84,61,-1,61,84,62,-1,61,62,60,-1,60,62,18,-1,60,18,85,-1,85,18,86,-1,86,87,85,-1,85,87,88,-1,85,88,89,-1,81,82,80,-1,80,82,90,-1,80,90,78,-1,91,92,93,-1,93,92,94,-1,22,23,73,-1,73,23,92,-1,73,92,95,-1,95,92,91,-1,16,67,14,-1,14,67,96,-1,14,96,12,-1,12,96,97,-1,12,97,10,-1,10,97,98,-1,10,98,8,-1,8,98,99,-1,8,99,6,-1,6,99,100,-1,6,100,4,-1,4,100,101,-1,4,101,2,-1,2,101,102,-1,0,103,104,-1,105,106,107,-1,108,109,110,-1,111,112,113,-1,114,115,116,-1,117,118,119,-1,119,118,0,-1,119,0,120,-1,120,0,104,-1,121,122,2,-1,2,122,123,-1,117,124,118,-1,118,124,125,-1,118,125,126,-1,126,127,118,-1,118,127,128,-1,118,128,129,-1,129,128,130,-1,129,130,131,-1,105,107,132,-1,132,107,133,-1,132,133,134,-1,134,133,135,-1,134,135,136,-1,110,109,102,-1,102,109,137,-1,102,137,138,-1,113,112,139,-1,140,141,113,-1,113,141,142,-1,138,143,102,-1,102,143,144,-1,102,144,145,-1,112,146,139,-1,139,146,103,-1,139,103,147,-1,147,103,0,-1,147,0,148,-1,114,116,113,-1,113,116,149,-1,113,149,140,-1,142,150,113,-1,113,150,151,-1,113,151,111,-1,123,152,2,-1,2,152,153,-1,2,153,0,-1,0,153,154,-1,0,154,148,-1,131,155,129,-1,129,155,156,-1,129,156,157,-1,157,156,158,-1,157,158,159,-1,159,158,160,-1,159,160,161,-1,161,160,162,-1,135,163,136,-1,136,163,164,-1,136,164,165,-1,165,164,166,-1,165,166,167,-1,167,166,168,-1,167,168,162,-1,162,168,169,-1,162,169,161,-1,145,170,102,-1,102,170,171,-1,102,171,2,-1,2,171,172,-1,2,172,121,-1,110,173,115,-1,106,105,174,-1,174,105,175,-1,174,175,176,-1,176,175,177,-1,176,177,178,-1,178,177,179,-1,178,179,180,-1,180,179,181,-1,181,179,182,-1,181,182,183,-1,183,182,184,-1,183,184,185,-1,185,184,186,-1,185,186,187,-1,187,186,188,-1,187,188,189,-1,189,188,190,-1,189,190,110,-1,110,190,191,-1,110,191,192,-1,114,193,115,-1,115,193,194,-1,115,194,110,-1,110,194,195,-1,110,195,108,-1,192,196,110,-1,110,196,197,-1,110,197,173,-1,198,199,200,-1,198,201,202,-1,202,201,203,-1,202,203,204,-1,205,206,207,-1,208,209,210,-1,210,209,211,-1,210,211,212,-1,213,214,215,-1,215,214,216,-1,217,218,3,-1,3,218,219,-1,3,219,198,-1,198,219,220,-1,198,220,199,-1,200,221,198,-1,198,221,222,-1,198,222,201,-1,204,223,202,-1,202,223,224,-1,202,224,225,-1,213,215,207,-1,207,215,226,-1,207,226,205,-1,206,227,207,-1,207,227,210,-1,207,210,228,-1,228,210,212,-1,216,229,215,-1,215,229,230,-1,215,230,231,-1,225,232,202,-1,202,232,233,-1,202,233,1,-1,1,233,234,-1,1,234,235,-1,236,237,3,-1,3,237,238,-1,3,238,217,-1,231,239,215,-1,215,239,240,-1,215,240,241,-1,1,242,202,-1,202,242,215,-1,202,215,243,-1,243,215,241,-1,235,244,1,-1,1,244,245,-1,1,245,3,-1,3,245,246,-1,3,246,236,-1,3,198,247,-1,3,247,5,-1,5,247,248,-1,5,248,7,-1,7,248,249,-1,7,249,9,-1,9,249,250,-1,9,250,11,-1,11,250,251,-1,11,251,13,-1,13,251,252,-1,13,252,15,-1,15,252,26,-1,15,26,17,-1,73,28,67,-1,67,28,26,-1,67,26,96,-1,96,26,252,-1,96,252,97,-1,97,252,251,-1,97,251,98,-1,98,251,250,-1,98,250,99,-1,99,250,249,-1,99,249,100,-1,100,249,248,-1,100,248,101,-1,101,248,247,-1,101,247,102,-1,102,247,198,-1,102,198,110,-1,110,198,202,-1,29,82,27,-1,27,82,83,-1,27,83,24,-1,24,83,72,-1,24,72,25,-1,25,72,71,-1,25,71,30,-1,30,71,69,-1,30,69,31,-1,31,69,68,-1,31,68,32,-1,32,68,66,-1,32,66,33,-1,33,66,65,-1,33,65,37,-1,37,65,64,-1,37,64,38,-1,38,64,70,-1,38,70,39,-1,39,70,63,-1,39,63,40,-1,40,63,62,-1,18,19,59,-1,18,59,86,-1,86,59,54,-1,86,54,87,-1,87,54,56,-1,87,56,88,-1,88,56,57,-1,88,57,89,-1,89,57,55,-1,89,55,85,-1,85,55,58,-1,85,58,60,-1,40,62,84,-1,40,84,52,-1,52,84,75,-1,52,75,44,-1,44,75,77,-1,44,77,45,-1,45,77,76,-1,45,76,46,-1,46,76,74,-1,46,74,53,-1,53,74,61,-1,53,61,41,-1,20,22,81,-1,20,81,43,-1,43,81,80,-1,43,80,34,-1,34,80,79,-1,34,79,35,-1,35,79,78,-1,35,78,36,-1,36,78,90,-1,36,90,42,-1,42,90,82,-1,42,82,29,-1,28,73,95,-1,28,95,47,-1,47,95,91,-1,47,91,49,-1,49,91,93,-1,49,93,50,-1,50,93,94,-1,50,94,51,-1,51,94,92,-1,51,92,48,-1,48,92,23,-1,48,23,21,-1,232,114,233,-1,233,114,113,-1,233,113,234,-1,234,113,139,-1,234,139,235,-1,235,139,147,-1,235,147,244,-1,244,147,148,-1,244,148,245,-1,245,148,154,-1,245,154,246,-1,246,154,153,-1,246,153,236,-1,236,153,152,-1,236,152,237,-1,237,152,123,-1,237,123,238,-1,238,123,122,-1,238,122,217,-1,217,122,121,-1,217,121,218,-1,218,121,172,-1,218,172,219,-1,219,172,171,-1,219,171,220,-1,220,171,170,-1,220,170,199,-1,199,170,145,-1,199,145,200,-1,200,145,144,-1,200,144,221,-1,221,144,143,-1,221,143,222,-1,222,143,138,-1,222,138,201,-1,201,138,137,-1,201,137,203,-1,203,137,109,-1,203,109,204,-1,204,109,108,-1,204,108,223,-1,223,108,195,-1,223,195,224,-1,224,195,194,-1,224,194,225,-1,225,194,193,-1,225,193,232,-1,232,193,114,-1,110,202,243,-1,110,243,189,-1,189,243,241,-1,189,241,187,-1,187,241,240,-1,187,240,185,-1,185,240,239,-1,185,239,183,-1,183,239,231,-1,183,231,181,-1,181,231,230,-1,181,230,180,-1,180,230,229,-1,180,229,178,-1,178,229,216,-1,178,216,176,-1,176,216,214,-1,176,214,174,-1,174,214,213,-1,174,213,106,-1,106,213,207,-1,106,207,107,-1,107,207,228,-1,107,228,133,-1,133,228,212,-1,133,212,135,-1,135,212,211,-1,135,211,163,-1,163,211,209,-1,163,209,164,-1,164,209,208,-1,164,208,166,-1,166,208,210,-1,166,210,168,-1,168,210,227,-1,168,227,169,-1,169,227,206,-1,169,206,161,-1,161,206,205,-1,161,205,159,-1,159,205,226,-1,159,226,157,-1,157,226,215,-1,157,215,129,-1,118,129,242,-1,242,129,215,-1,118,242,0,-1,0,242,1,-1,253,254,255,-1,256,257,255,-1,255,257,258,-1,255,258,253,-1,259,260,255,-1,255,260,261,-1,255,261,256,-1,262,263,255,-1,255,263,264,-1,255,264,259,-1,265,266,255,-1,255,266,267,-1,255,267,262,-1,268,269,255,-1,255,269,270,-1,255,270,265,-1,271,272,255,-1,255,272,273,-1,255,273,268,-1,274,275,255,-1,255,275,276,-1,255,276,271,-1,277,278,255,-1,255,278,279,-1,255,279,274,-1,280,281,255,-1,255,281,282,-1,255,282,277,-1,283,284,255,-1,255,284,285,-1,255,285,280,-1,286,287,255,-1,255,287,288,-1,255,288,283,-1,289,290,255,-1,255,290,291,-1,255,291,286,-1,292,293,255,-1,255,293,294,-1,255,294,289,-1,254,295,255,-1,255,295,296,-1,255,296,292,-1,297,298,299,-1,299,300,297,-1,297,300,301,-1,297,301,302,-1,301,303,302,-1,302,303,304,-1,302,304,305,-1,304,306,305,-1,305,306,307,-1,305,307,308,-1,307,309,308,-1,308,309,310,-1,308,310,311,-1,311,310,312,-1,311,312,313,-1,312,314,313,-1,313,314,315,-1,313,315,316,-1,315,317,316,-1,316,317,318,-1,316,318,319,-1,319,318,320,-1,320,321,319,-1,319,321,322,-1,319,322,323,-1,322,324,323,-1,323,324,325,-1,323,325,326,-1,326,325,327,-1,326,327,328,-1,327,329,328,-1,328,329,330,-1,328,330,331,-1,330,332,331,-1,331,332,333,-1,331,333,334,-1,333,335,334,-1,334,335,336,-1,334,336,337,-1,336,338,337,-1,337,338,339,-1,337,339,340,-1,339,341,340,-1,340,341,342,-1,340,342,343,-1,342,344,343,-1,343,344,345,-1,343,345,346,-1,346,345,347,-1,346,347,348,-1,347,349,348,-1,348,349,350,-1,348,350,351,-1,350,352,351,-1,351,352,353,-1,351,353,354,-1,354,353,355,-1,355,356,354,-1,354,356,357,-1,354,357,358,-1,357,359,358,-1,358,359,360,-1,358,360,361,-1,361,360,362,-1,361,362,363,-1,362,364,363,-1,363,364,365,-1,363,365,366,-1,365,367,366,-1,366,367,368,-1,366,368,369,-1,368,370,369,-1,369,370,371,-1,369,371,372,-1,371,373,372,-1,372,373,374,-1,372,374,375,-1,374,376,375,-1,375,376,377,-1,375,377,378,-1,378,377,379,-1,378,379,380,-1,379,381,380,-1,380,381,382,-1,380,382,383,-1,382,384,383,-1,383,384,385,-1,383,385,386,-1,385,387,386,-1,386,387,388,-1,386,388,389,-1,389,388,390,-1,390,391,389,-1,389,391,392,-1,389,392,393,-1,392,394,393,-1,393,394,395,-1,393,395,396,-1,395,397,396,-1,396,397,398,-1,396,398,399,-1,398,400,399,-1,399,400,401,-1,399,401,402,-1,401,403,402,-1,402,403,404,-1,402,404,405,-1,404,406,405,-1,405,406,407,-1,405,407,408,-1,407,409,408,-1,408,409,410,-1,408,410,411,-1,410,412,411,-1,411,412,413,-1,411,413,414,-1,414,413,415,-1,414,415,416,-1,415,417,416,-1,416,417,418,-1,416,418,419,-1,418,420,419,-1,419,420,421,-1,419,421,422,-1,422,421,423,-1,423,424,422,-1,422,424,425,-1,422,425,426,-1,425,427,426,-1,426,427,428,-1,426,428,429,-1,429,428,430,-1,429,430,431,-1,431,430,432,-1,431,432,298,-1,298,432,433,-1,298,433,299,-1,429,434,426,-1,426,434,435,-1,426,435,422,-1,422,435,436,-1,422,436,419,-1,419,436,437,-1,419,437,416,-1,416,437,438,-1,416,438,414,-1,414,438,439,-1,414,439,411,-1,411,439,440,-1,411,440,408,-1,408,440,441,-1,408,441,405,-1,405,441,442,-1,405,442,402,-1,402,442,443,-1,402,443,399,-1,399,443,444,-1,399,444,396,-1,396,444,445,-1,396,445,393,-1,393,445,446,-1,393,446,389,-1,389,446,447,-1,389,447,386,-1,386,447,448,-1,386,448,383,-1,383,448,449,-1,383,449,380,-1,380,449,450,-1,380,450,378,-1,378,450,451,-1,378,451,375,-1,375,451,452,-1,375,452,372,-1,372,452,453,-1,372,453,369,-1,369,453,454,-1,369,454,366,-1,366,454,455,-1,366,455,363,-1,363,455,456,-1,363,456,361,-1,361,456,457,-1,361,457,358,-1,358,457,458,-1,358,458,354,-1,354,458,459,-1,354,459,351,-1,351,459,460,-1,351,460,348,-1,348,460,461,-1,348,461,346,-1,346,461,462,-1,346,462,343,-1,343,462,463,-1,343,463,340,-1,340,463,464,-1,340,464,337,-1,337,464,465,-1,337,465,334,-1,334,465,466,-1,334,466,331,-1,331,466,467,-1,331,467,328,-1,328,467,468,-1,328,468,326,-1,326,468,469,-1,326,469,323,-1,323,469,470,-1,323,470,319,-1,319,470,471,-1,319,471,316,-1,316,471,472,-1,316,472,313,-1,313,472,473,-1,313,473,311,-1,311,473,474,-1,311,474,308,-1,308,474,475,-1,308,475,305,-1,305,475,476,-1,305,476,302,-1,302,476,477,-1,302,477,297,-1,297,477,478,-1,297,478,298,-1,298,478,479,-1,298,479,431,-1,431,479,480,-1,431,480,429,-1,429,480,434,-1,434,481,435,-1,435,481,482,-1,435,482,436,-1,436,482,483,-1,436,483,437,-1,437,483,484,-1,437,484,438,-1,438,484,485,-1,438,485,439,-1,439,485,486,-1,439,486,440,-1,440,486,487,-1,440,487,441,-1,441,487,488,-1,441,488,442,-1,442,488,489,-1,442,489,443,-1,443,489,490,-1,443,490,444,-1,444,490,491,-1,444,491,445,-1,445,491,492,-1,445,492,446,-1,446,492,493,-1,446,493,447,-1,447,493,494,-1,447,494,448,-1,448,494,495,-1,448,495,449,-1,449,495,496,-1,449,496,450,-1,450,496,497,-1,450,497,451,-1,451,497,498,-1,451,498,452,-1,452,498,499,-1,452,499,453,-1,453,499,500,-1,453,500,454,-1,454,500,501,-1,454,501,455,-1,455,501,502,-1,455,502,456,-1,456,502,503,-1,456,503,457,-1,457,503,504,-1,457,504,458,-1,458,504,505,-1,458,505,459,-1,459,505,506,-1,459,506,460,-1,460,506,507,-1,460,507,461,-1,461,507,508,-1,461,508,462,-1,462,508,509,-1,462,509,463,-1,463,509,510,-1,463,510,464,-1,464,510,511,-1,464,511,465,-1,465,511,512,-1,465,512,466,-1,466,512,513,-1,466,513,467,-1,467,513,514,-1,467,514,468,-1,468,514,515,-1,468,515,469,-1,469,515,516,-1,469,516,470,-1,470,516,517,-1,470,517,471,-1,471,517,518,-1,471,518,472,-1,472,518,519,-1,472,519,473,-1,473,519,520,-1,473,520,474,-1,474,520,521,-1,474,521,475,-1,475,521,522,-1,475,522,476,-1,476,522,523,-1,476,523,477,-1,477,523,524,-1,477,524,478,-1,478,524,525,-1,478,525,479,-1,479,525,526,-1,479,526,480,-1,480,526,527,-1,480,527,434,-1,434,527,481,-1,481,528,482,-1,482,528,529,-1,482,529,483,-1,483,529,530,-1,483,530,484,-1,484,530,531,-1,484,531,485,-1,485,531,532,-1,485,532,486,-1,486,532,533,-1,486,533,487,-1,487,533,534,-1,487,534,488,-1,488,534,535,-1,488,535,489,-1,489,535,536,-1,489,536,490,-1,490,536,537,-1,490,537,491,-1,491,537,538,-1,491,538,492,-1,492,538,539,-1,492,539,493,-1,493,539,540,-1,493,540,494,-1,494,540,541,-1,494,541,495,-1,495,541,542,-1,495,542,496,-1,496,542,543,-1,496,543,497,-1,497,543,544,-1,497,544,498,-1,498,544,545,-1,498,545,499,-1,499,545,546,-1,499,546,500,-1,500,546,547,-1,500,547,501,-1,501,547,548,-1,501,548,502,-1,502,548,549,-1,502,549,503,-1,503,549,550,-1,503,550,504,-1,504,550,551,-1,504,551,505,-1,505,551,552,-1,505,552,506,-1,506,552,553,-1,506,553,507,-1,507,553,554,-1,507,554,508,-1,508,554,555,-1,508,555,509,-1,509,555,556,-1,509,556,510,-1,510,556,557,-1,510,557,511,-1,511,557,558,-1,511,558,512,-1,512,558,559,-1,512,559,513,-1,513,559,560,-1,513,560,514,-1,514,560,561,-1,514,561,515,-1,515,561,562,-1,515,562,516,-1,516,562,563,-1,516,563,517,-1,517,563,564,-1,517,564,518,-1,518,564,565,-1,518,565,519,-1,519,565,566,-1,519,566,520,-1,520,566,567,-1,520,567,521,-1,521,567,568,-1,521,568,522,-1,522,568,569,-1,522,569,523,-1,523,569,570,-1,523,570,524,-1,524,570,571,-1,524,571,525,-1,525,571,572,-1,525,572,526,-1,526,572,573,-1,526,573,527,-1,527,573,574,-1,527,574,481,-1,481,574,528,-1,528,575,529,-1,529,575,576,-1,529,576,530,-1,530,576,577,-1,530,577,531,-1,531,577,578,-1,531,578,532,-1,532,578,579,-1,532,579,533,-1,533,579,580,-1,533,580,534,-1,534,580,581,-1,534,581,535,-1,535,581,582,-1,535,582,536,-1,536,582,583,-1,536,583,537,-1,537,583,584,-1,537,584,538,-1,538,584,585,-1,538,585,539,-1,539,585,586,-1,539,586,540,-1,540,586,587,-1,540,587,541,-1,541,587,588,-1,541,588,542,-1,542,588,589,-1,542,589,543,-1,543,589,590,-1,543,590,544,-1,544,590,591,-1,544,591,545,-1,545,591,592,-1,545,592,546,-1,546,592,593,-1,546,593,547,-1,547,593,594,-1,547,594,548,-1,548,594,595,-1,548,595,549,-1,549,595,596,-1,549,596,550,-1,550,596,597,-1,550,597,551,-1,551,597,598,-1,551,598,552,-1,552,598,599,-1,552,599,553,-1,553,599,600,-1,553,600,554,-1,554,600,601,-1,554,601,555,-1,555,601,602,-1,555,602,556,-1,556,602,603,-1,556,603,557,-1,557,603,604,-1,557,604,558,-1,558,604,605,-1,558,605,559,-1,559,605,606,-1,559,606,560,-1,560,606,607,-1,560,607,561,-1,561,607,608,-1,561,608,562,-1,562,608,609,-1,562,609,563,-1,563,609,610,-1,563,610,564,-1,564,610,611,-1,564,611,565,-1,565,611,612,-1,565,612,566,-1,566,612,613,-1,566,613,567,-1,567,613,614,-1,567,614,568,-1,568,614,615,-1,568,615,569,-1,569,615,616,-1,569,616,570,-1,570,616,617,-1,570,617,571,-1,571,617,618,-1,571,618,572,-1,572,618,619,-1,572,619,573,-1,573,619,620,-1,573,620,574,-1,574,620,621,-1,574,621,528,-1,528,621,575,-1,575,132,576,-1,576,132,134,-1,576,134,577,-1,577,134,136,-1,577,136,578,-1,578,136,165,-1,578,165,579,-1,579,165,167,-1,579,167,580,-1,580,167,162,-1,580,162,581,-1,581,162,160,-1,581,160,582,-1,582,160,158,-1,582,158,583,-1,583,158,156,-1,583,156,584,-1,584,156,155,-1,584,155,585,-1,585,155,131,-1,585,131,586,-1,586,131,130,-1,586,130,587,-1,587,130,128,-1,587,128,588,-1,588,128,127,-1,588,127,589,-1,589,127,126,-1,589,126,590,-1,590,126,125,-1,590,125,591,-1,591,125,124,-1,591,124,592,-1,592,124,117,-1,592,117,593,-1,593,117,119,-1,593,119,594,-1,594,119,120,-1,594,120,595,-1,595,120,104,-1,595,104,596,-1,596,104,103,-1,596,103,597,-1,597,103,146,-1,597,146,598,-1,598,146,112,-1,598,112,599,-1,599,112,111,-1,599,111,600,-1,600,111,151,-1,600,151,601,-1,601,151,150,-1,601,150,602,-1,602,150,142,-1,602,142,603,-1,603,142,141,-1,603,141,604,-1,604,141,140,-1,604,140,605,-1,605,140,149,-1,605,149,606,-1,606,149,116,-1,606,116,607,-1,607,116,115,-1,607,115,608,-1,608,115,173,-1,608,173,609,-1,609,173,197,-1,609,197,610,-1,610,197,196,-1,610,196,611,-1,611,196,192,-1,611,192,612,-1,612,192,191,-1,612,191,613,-1,613,191,190,-1,613,190,614,-1,614,190,188,-1,614,188,615,-1,615,188,186,-1,615,186,616,-1,616,186,184,-1,616,184,617,-1,617,184,182,-1,617,182,618,-1,618,182,179,-1,618,179,619,-1,619,179,177,-1,619,177,620,-1,620,177,175,-1,620,175,621,-1,621,175,105,-1,621,105,575,-1,575,105,132,-1,430,428,622,-1,418,417,623,-1,415,413,624,-1,412,410,625,-1,409,407,626,-1,406,404,627,-1,397,395,628,-1,394,392,629,-1,382,381,630,-1,379,377,631,-1,376,374,632,-1,373,371,633,-1,370,368,634,-1,362,360,635,-1,350,349,636,-1,347,345,637,-1,344,342,638,-1,341,339,639,-1,338,336,640,-1,335,333,641,-1,332,330,642,-1,315,314,643,-1,312,310,644,-1,309,307,645,-1,306,304,646,-1,303,301,647,-1,300,299,648,-1,433,432,649,-1,264,263,650,-1,650,263,651,-1,650,651,652,-1,652,651,653,-1,652,653,654,-1,654,653,655,-1,654,655,656,-1,271,276,657,-1,657,276,658,-1,657,658,659,-1,659,658,660,-1,659,660,661,-1,661,660,662,-1,661,662,663,-1,259,264,664,-1,664,264,650,-1,664,650,665,-1,665,650,652,-1,665,652,666,-1,666,652,654,-1,666,654,667,-1,667,654,656,-1,667,656,668,-1,272,271,669,-1,669,271,657,-1,669,657,670,-1,670,657,659,-1,670,659,671,-1,671,659,661,-1,671,661,672,-1,672,661,663,-1,672,663,673,-1,285,284,674,-1,674,284,675,-1,674,675,676,-1,676,675,677,-1,676,677,678,-1,678,677,679,-1,678,679,680,-1,680,679,681,-1,680,681,682,-1,292,296,683,-1,683,296,684,-1,683,684,685,-1,685,684,686,-1,685,686,687,-1,687,686,688,-1,687,688,689,-1,689,688,690,-1,689,690,691,-1,260,259,692,-1,692,259,664,-1,692,664,693,-1,693,664,665,-1,693,665,694,-1,694,665,666,-1,694,666,695,-1,695,666,667,-1,695,667,696,-1,696,667,668,-1,696,668,644,-1,273,272,697,-1,697,272,669,-1,697,669,698,-1,698,669,670,-1,698,670,699,-1,699,670,671,-1,699,671,700,-1,700,671,672,-1,700,672,701,-1,701,672,673,-1,701,673,637,-1,280,285,702,-1,702,285,674,-1,702,674,703,-1,703,674,676,-1,703,676,704,-1,704,676,678,-1,704,678,705,-1,705,678,680,-1,705,680,706,-1,706,680,682,-1,706,682,630,-1,293,292,707,-1,707,292,683,-1,707,683,708,-1,708,683,685,-1,708,685,709,-1,709,685,687,-1,709,687,710,-1,710,687,689,-1,710,689,711,-1,711,689,691,-1,711,691,623,-1,712,713,714,-1,715,716,717,-1,718,719,720,-1,287,286,721,-1,721,286,722,-1,721,722,723,-1,723,722,724,-1,723,724,725,-1,725,724,726,-1,725,726,727,-1,727,726,728,-1,727,728,729,-1,729,728,730,-1,729,730,628,-1,628,730,731,-1,732,733,734,-1,299,433,648,-1,648,433,649,-1,648,649,735,-1,735,649,736,-1,735,736,737,-1,737,736,738,-1,737,738,739,-1,739,738,740,-1,739,740,741,-1,741,740,742,-1,741,742,743,-1,743,742,744,-1,743,744,258,-1,258,744,253,-1,301,300,647,-1,647,300,648,-1,647,648,745,-1,745,648,735,-1,745,735,746,-1,746,735,737,-1,746,737,747,-1,747,737,739,-1,747,739,748,-1,748,739,741,-1,748,741,749,-1,749,741,743,-1,749,743,257,-1,257,743,258,-1,304,303,646,-1,646,303,647,-1,646,647,750,-1,750,647,745,-1,750,745,751,-1,751,745,746,-1,751,746,752,-1,752,746,747,-1,752,747,753,-1,753,747,748,-1,753,748,754,-1,754,748,749,-1,754,749,256,-1,256,749,257,-1,307,306,645,-1,645,306,646,-1,645,646,755,-1,755,646,750,-1,755,750,756,-1,756,750,751,-1,756,751,757,-1,757,751,752,-1,757,752,758,-1,758,752,753,-1,758,753,759,-1,759,753,754,-1,759,754,261,-1,261,754,256,-1,310,309,644,-1,644,309,645,-1,644,645,696,-1,696,645,755,-1,696,755,695,-1,695,755,756,-1,695,756,694,-1,694,756,757,-1,694,757,693,-1,693,757,758,-1,693,758,692,-1,692,758,759,-1,692,759,260,-1,260,759,261,-1,655,760,656,-1,656,760,761,-1,656,761,668,-1,668,761,643,-1,668,643,644,-1,644,643,314,-1,644,314,312,-1,760,712,761,-1,761,712,714,-1,761,714,643,-1,643,714,317,-1,643,317,315,-1,324,322,762,-1,762,322,713,-1,762,713,763,-1,763,713,712,-1,763,712,764,-1,764,712,760,-1,764,760,765,-1,765,760,655,-1,765,655,766,-1,766,655,653,-1,766,653,767,-1,767,653,651,-1,767,651,262,-1,262,651,263,-1,322,321,713,-1,713,321,320,-1,713,320,714,-1,714,320,318,-1,714,318,317,-1,262,267,767,-1,767,267,768,-1,767,768,766,-1,766,768,769,-1,766,769,765,-1,765,769,770,-1,765,770,764,-1,764,770,771,-1,764,771,763,-1,763,771,772,-1,763,772,762,-1,762,772,773,-1,762,773,324,-1,329,327,773,-1,773,327,325,-1,773,325,324,-1,330,329,642,-1,642,329,773,-1,642,773,774,-1,774,773,772,-1,774,772,775,-1,775,772,771,-1,775,771,776,-1,776,771,770,-1,776,770,777,-1,777,770,769,-1,777,769,778,-1,778,769,768,-1,778,768,266,-1,266,768,267,-1,333,332,641,-1,641,332,642,-1,641,642,779,-1,779,642,774,-1,779,774,780,-1,780,774,775,-1,780,775,781,-1,781,775,776,-1,781,776,782,-1,782,776,777,-1,782,777,783,-1,783,777,778,-1,783,778,265,-1,265,778,266,-1,336,335,640,-1,640,335,641,-1,640,641,784,-1,784,641,779,-1,784,779,785,-1,785,779,780,-1,785,780,786,-1,786,780,781,-1,786,781,787,-1,787,781,782,-1,787,782,788,-1,788,782,783,-1,788,783,270,-1,270,783,265,-1,339,338,639,-1,639,338,640,-1,639,640,789,-1,789,640,784,-1,789,784,790,-1,790,784,785,-1,790,785,791,-1,791,785,786,-1,791,786,792,-1,792,786,787,-1,792,787,793,-1,793,787,788,-1,793,788,269,-1,269,788,270,-1,342,341,638,-1,638,341,639,-1,638,639,794,-1,794,639,789,-1,794,789,795,-1,795,789,790,-1,795,790,796,-1,796,790,791,-1,796,791,797,-1,797,791,792,-1,797,792,798,-1,798,792,793,-1,798,793,268,-1,268,793,269,-1,345,344,637,-1,637,344,638,-1,637,638,701,-1,701,638,794,-1,701,794,700,-1,700,794,795,-1,700,795,699,-1,699,795,796,-1,699,796,698,-1,698,796,797,-1,698,797,697,-1,697,797,798,-1,697,798,273,-1,273,798,268,-1,662,799,663,-1,663,799,800,-1,663,800,673,-1,673,800,636,-1,673,636,637,-1,637,636,349,-1,637,349,347,-1,799,715,800,-1,800,715,717,-1,800,717,636,-1,636,717,352,-1,636,352,350,-1,359,357,801,-1,801,357,716,-1,801,716,802,-1,802,716,715,-1,802,715,803,-1,803,715,799,-1,803,799,804,-1,804,799,662,-1,804,662,805,-1,805,662,660,-1,805,660,806,-1,806,660,658,-1,806,658,275,-1,275,658,276,-1,357,356,716,-1,716,356,355,-1,716,355,717,-1,717,355,353,-1,717,353,352,-1,360,359,635,-1,635,359,801,-1,635,801,807,-1,807,801,802,-1,807,802,808,-1,808,802,803,-1,808,803,809,-1,809,803,804,-1,809,804,810,-1,810,804,805,-1,810,805,811,-1,811,805,806,-1,811,806,274,-1,274,806,275,-1,367,365,812,-1,812,365,364,-1,364,362,812,-1,812,362,635,-1,812,635,813,-1,813,635,807,-1,813,807,814,-1,814,807,808,-1,814,808,815,-1,815,808,809,-1,815,809,816,-1,816,809,810,-1,816,810,817,-1,817,810,811,-1,817,811,279,-1,279,811,274,-1,368,367,634,-1,634,367,812,-1,634,812,818,-1,818,812,813,-1,818,813,819,-1,819,813,814,-1,819,814,820,-1,820,814,815,-1,820,815,821,-1,821,815,816,-1,821,816,822,-1,822,816,817,-1,822,817,278,-1,278,817,279,-1,371,370,633,-1,633,370,634,-1,633,634,823,-1,823,634,818,-1,823,818,824,-1,824,818,819,-1,824,819,825,-1,825,819,820,-1,825,820,826,-1,826,820,821,-1,826,821,827,-1,827,821,822,-1,827,822,277,-1,277,822,278,-1,374,373,632,-1,632,373,633,-1,632,633,828,-1,828,633,823,-1,828,823,829,-1,829,823,824,-1,829,824,830,-1,830,824,825,-1,830,825,831,-1,831,825,826,-1,831,826,832,-1,832,826,827,-1,832,827,282,-1,282,827,277,-1,377,376,631,-1,631,376,632,-1,631,632,833,-1,833,632,828,-1,833,828,834,-1,834,828,829,-1,834,829,835,-1,835,829,830,-1,835,830,836,-1,836,830,831,-1,836,831,837,-1,837,831,832,-1,837,832,281,-1,281,832,282,-1,381,379,630,-1,630,379,631,-1,630,631,706,-1,706,631,833,-1,706,833,705,-1,705,833,834,-1,705,834,704,-1,704,834,835,-1,704,835,703,-1,703,835,836,-1,703,836,702,-1,702,836,837,-1,702,837,280,-1,280,837,281,-1,681,718,682,-1,682,718,720,-1,682,720,630,-1,630,720,384,-1,630,384,382,-1,391,390,838,-1,838,390,719,-1,838,719,839,-1,839,719,718,-1,839,718,840,-1,840,718,681,-1,840,681,841,-1,841,681,679,-1,841,679,842,-1,842,679,677,-1,842,677,843,-1,843,677,675,-1,843,675,283,-1,283,675,284,-1,390,388,719,-1,719,388,387,-1,719,387,720,-1,720,387,385,-1,720,385,384,-1,392,391,629,-1,629,391,838,-1,629,838,844,-1,844,838,839,-1,844,839,845,-1,845,839,840,-1,845,840,846,-1,846,840,841,-1,846,841,847,-1,847,841,842,-1,847,842,848,-1,848,842,843,-1,848,843,288,-1,288,843,283,-1,395,394,628,-1,628,394,629,-1,628,629,729,-1,729,629,844,-1,729,844,727,-1,727,844,845,-1,727,845,725,-1,725,845,846,-1,725,846,723,-1,723,846,847,-1,723,847,721,-1,721,847,848,-1,721,848,287,-1,287,848,288,-1,403,401,731,-1,731,401,400,-1,731,400,628,-1,628,400,398,-1,628,398,397,-1,404,403,627,-1,627,403,731,-1,627,731,849,-1,849,731,730,-1,849,730,850,-1,850,730,728,-1,850,728,851,-1,851,728,726,-1,851,726,852,-1,852,726,724,-1,852,724,853,-1,853,724,722,-1,853,722,291,-1,291,722,286,-1,407,406,626,-1,626,406,627,-1,626,627,854,-1,854,627,849,-1,854,849,855,-1,855,849,850,-1,855,850,856,-1,856,850,851,-1,856,851,857,-1,857,851,852,-1,857,852,858,-1,858,852,853,-1,858,853,290,-1,290,853,291,-1,410,409,625,-1,625,409,626,-1,625,626,859,-1,859,626,854,-1,859,854,860,-1,860,854,855,-1,860,855,861,-1,861,855,856,-1,861,856,862,-1,862,856,857,-1,862,857,863,-1,863,857,858,-1,863,858,289,-1,289,858,290,-1,413,412,624,-1,624,412,625,-1,624,625,864,-1,864,625,859,-1,864,859,865,-1,865,859,860,-1,865,860,866,-1,866,860,861,-1,866,861,867,-1,867,861,862,-1,867,862,868,-1,868,862,863,-1,868,863,294,-1,294,863,289,-1,417,415,623,-1,623,415,624,-1,623,624,711,-1,711,624,864,-1,711,864,710,-1,710,864,865,-1,710,865,709,-1,709,865,866,-1,709,866,708,-1,708,866,867,-1,708,867,707,-1,707,867,868,-1,707,868,293,-1,293,868,294,-1,690,732,691,-1,691,732,734,-1,691,734,623,-1,623,734,420,-1,623,420,418,-1,427,425,869,-1,869,425,733,-1,869,733,870,-1,870,733,732,-1,870,732,871,-1,871,732,690,-1,871,690,872,-1,872,690,688,-1,872,688,873,-1,873,688,686,-1,873,686,874,-1,874,686,684,-1,874,684,295,-1,295,684,296,-1,425,424,733,-1,733,424,423,-1,733,423,734,-1,734,423,421,-1,734,421,420,-1,428,427,622,-1,622,427,869,-1,622,869,875,-1,875,869,870,-1,875,870,876,-1,876,870,871,-1,876,871,877,-1,877,871,872,-1,877,872,878,-1,878,872,873,-1,878,873,879,-1,879,873,874,-1,879,874,254,-1,254,874,295,-1,432,430,649,-1,649,430,622,-1,649,622,736,-1,736,622,875,-1,736,875,738,-1,738,875,876,-1,738,876,740,-1,740,876,877,-1,740,877,742,-1,742,877,878,-1,742,878,744,-1,744,878,879,-1,744,879,253,-1,253,879,254,-1,880,881,882,-1,882,881,883,-1,884,885,886,-1,886,885,887,-1,886,887,888,-1,889,890,891,-1,884,892,885,-1,885,892,893,-1,885,893,894,-1,895,896,890,-1,890,896,897,-1,890,897,891,-1,894,898,885,-1,885,898,899,-1,885,899,890,-1,890,899,900,-1,890,900,895,-1,901,902,903,-1,891,904,889,-1,889,904,905,-1,889,905,906,-1,880,888,881,-1,881,888,887,-1,881,887,907,-1,907,887,908,-1,880,909,888,-1,888,909,901,-1,888,901,910,-1,910,901,903,-1,911,912,913,-1,905,914,906,-1,906,914,911,-1,906,911,915,-1,915,911,913,-1,908,916,907,-1,907,916,917,-1,907,917,918,-1,919,920,921,-1,921,920,922,-1,906,923,889,-1,889,923,920,-1,889,920,924,-1,924,920,919,-1,923,906,925,-1,925,906,926,-1,927,928,929,-1,930,931,932,-1,932,931,933,-1,931,934,933,-1,933,934,935,-1,933,935,936,-1,928,937,938,-1,937,928,939,-1,939,928,940,-1,939,940,941,-1,942,882,938,-1,936,943,933,-1,933,943,944,-1,933,944,940,-1,940,944,945,-1,940,945,946,-1,946,947,940,-1,940,947,948,-1,940,948,941,-1,949,950,951,-1,938,882,928,-1,928,882,883,-1,928,883,929,-1,926,952,953,-1,953,952,954,-1,953,954,955,-1,942,938,951,-1,951,938,956,-1,951,956,949,-1,953,957,926,-1,926,957,930,-1,926,930,925,-1,925,930,932,-1,925,932,958,-1,958,932,959,-1,959,960,958,-1,958,960,961,-1,958,961,962,-1,963,964,929,-1,929,964,965,-1,929,965,927,-1,933,940,966,-1,966,940,967,-1,966,967,968,-1,968,967,969,-1,968,969,970,-1,970,969,971,-1,970,971,972,-1,972,971,973,-1,972,973,974,-1,974,973,975,-1,974,975,976,-1,976,975,977,-1,976,977,978,-1,978,977,979,-1,978,979,980,-1,980,979,981,-1,982,983,984,-1,984,983,985,-1,985,983,986,-1,985,986,987,-1,987,986,988,-1,987,988,989,-1,989,988,990,-1,989,990,991,-1,991,990,992,-1,991,992,993,-1,993,992,994,-1,993,994,995,-1,995,994,996,-1,995,996,997,-1,997,996,998,-1,997,998,999,-1,999,998,1000,-1,999,1000,1001,-1,1001,1000,885,-1,1001,885,890,-1,976,989,974,-1,974,989,991,-1,974,991,972,-1,972,991,993,-1,972,993,970,-1,970,993,995,-1,970,995,968,-1,980,984,978,-1,978,984,985,-1,978,985,976,-1,976,985,987,-1,976,987,989,-1,889,932,890,-1,890,932,933,-1,890,933,1001,-1,1001,933,966,-1,1001,966,999,-1,999,966,968,-1,999,968,997,-1,997,968,995,-1,982,981,983,-1,983,981,979,-1,983,979,986,-1,986,979,977,-1,986,977,988,-1,988,977,975,-1,967,998,969,-1,969,998,996,-1,969,996,971,-1,971,996,994,-1,971,994,973,-1,973,994,992,-1,973,992,975,-1,975,992,990,-1,975,990,988,-1,928,887,940,-1,940,887,885,-1,940,885,967,-1,967,885,1000,-1,967,1000,998,-1,888,938,886,-1,886,938,937,-1,886,937,884,-1,884,937,939,-1,884,939,892,-1,892,939,941,-1,892,941,893,-1,893,941,948,-1,893,948,894,-1,894,948,947,-1,894,947,898,-1,898,947,946,-1,898,946,899,-1,899,946,945,-1,899,945,900,-1,900,945,944,-1,900,944,895,-1,895,944,943,-1,895,943,896,-1,896,943,936,-1,896,936,897,-1,897,936,935,-1,897,935,891,-1,891,935,934,-1,891,934,904,-1,904,934,931,-1,904,931,905,-1,905,931,930,-1,932,889,924,-1,932,924,959,-1,959,924,919,-1,959,919,960,-1,960,919,921,-1,960,921,961,-1,961,921,922,-1,961,922,962,-1,962,922,920,-1,962,920,958,-1,958,920,923,-1,958,923,925,-1,905,930,957,-1,905,957,914,-1,914,957,953,-1,914,953,911,-1,911,953,955,-1,911,955,912,-1,912,955,954,-1,912,954,913,-1,913,954,952,-1,913,952,915,-1,915,952,926,-1,915,926,906,-1,880,882,942,-1,880,942,909,-1,909,942,951,-1,909,951,901,-1,901,951,950,-1,901,950,902,-1,902,950,949,-1,902,949,903,-1,903,949,956,-1,903,956,910,-1,910,956,938,-1,910,938,888,-1,887,928,927,-1,887,927,908,-1,908,927,965,-1,908,965,916,-1,916,965,964,-1,916,964,917,-1,917,964,963,-1,917,963,918,-1,918,963,929,-1,918,929,907,-1,907,929,883,-1,907,883,881,-1,982,984,981,-1,981,984,980,-1,1002,1003,1004,-1,1004,1003,1005,-1,1006,1007,1008,-1,1008,1007,1009,-1,1008,1009,1010,-1,1010,1009,1011,-1,1010,1011,1012,-1,1012,1011,1013,-1,1012,1013,1014,-1,1014,1013,1015,-1,1014,1015,1016,-1,1016,1015,1017,-1,1016,1017,1018,-1,1018,1017,1019,-1,1018,1019,1020,-1,1020,1019,1021,-1,1022,1023,1024,-1,1022,1024,1025,-1,1025,1024,1026,-1,1025,1026,1027,-1,1027,1026,1028,-1,1027,1028,1029,-1,1029,1028,1030,-1,1029,1030,1031,-1,1031,1030,1032,-1,1031,1032,1033,-1,1033,1032,1034,-1,1033,1034,1035,-1,1035,1034,1036,-1,1035,1036,1037,-1,1038,1039,1040,-1,1036,1003,1037,-1,1037,1003,1002,-1,1041,1042,1043,-1,1038,1040,1044,-1,1045,1046,1047,-1,1047,1046,1048,-1,1047,1048,1049,-1,1043,1042,1048,-1,1050,1051,1052,-1,1040,1037,1044,-1,1044,1037,1002,-1,1044,1002,1042,-1,1042,1002,1053,-1,1042,1053,1048,-1,1048,1053,1054,-1,1048,1054,1049,-1,1041,1043,1052,-1,1052,1043,1055,-1,1052,1055,1050,-1,1056,1057,1058,-1,1005,1007,1004,-1,1004,1007,1006,-1,1056,1058,1006,-1,1006,1058,1059,-1,1006,1059,1004,-1,1004,1059,1060,-1,1004,1060,1061,-1,1062,1063,1064,-1,1064,1065,1062,-1,1062,1065,1066,-1,1062,1066,1067,-1,1068,1069,1070,-1,1070,1069,1071,-1,1070,1071,1072,-1,1068,1073,1069,-1,1069,1073,1061,-1,1069,1061,1066,-1,1066,1061,1060,-1,1066,1060,1067,-1,1057,1056,1074,-1,1074,1056,1075,-1,1074,1075,1076,-1,1076,1075,1077,-1,1076,1077,1078,-1,1078,1077,1079,-1,1078,1079,1080,-1,1080,1079,1081,-1,1080,1081,1082,-1,1082,1081,1083,-1,1082,1083,1084,-1,1084,1083,1085,-1,1084,1085,1086,-1,1086,1085,1087,-1,1020,1021,1088,-1,1088,1021,1089,-1,1088,1089,1090,-1,1090,1089,1091,-1,1090,1091,1087,-1,1087,1091,1086,-1,1092,1091,1093,-1,1093,1091,1089,-1,1094,1095,1096,-1,1096,1095,1092,-1,1096,1092,1097,-1,1097,1092,1093,-1,1097,1093,1022,-1,1022,1093,1023,-1,1095,1094,1098,-1,1095,1098,1099,-1,1099,1098,1100,-1,1099,1100,1101,-1,1101,1100,1102,-1,1101,1102,1103,-1,1103,1102,1104,-1,1103,1104,1105,-1,1105,1104,1106,-1,1105,1106,1107,-1,1107,1106,1108,-1,1107,1108,1109,-1,1109,1108,1040,-1,1109,1040,1039,-1,1091,1092,1086,-1,1086,1092,1095,-1,1086,1095,1084,-1,1084,1095,1099,-1,1084,1099,1082,-1,1082,1099,1101,-1,1082,1101,1080,-1,1080,1101,1103,-1,1080,1103,1078,-1,1078,1103,1105,-1,1078,1105,1076,-1,1076,1105,1107,-1,1076,1107,1074,-1,1074,1107,1109,-1,1074,1109,1057,-1,1057,1109,1039,-1,1057,1039,1058,-1,1058,1039,1038,-1,1005,1003,1007,-1,1007,1003,1036,-1,1007,1036,1009,-1,1009,1036,1034,-1,1009,1034,1011,-1,1011,1034,1032,-1,1011,1032,1013,-1,1013,1032,1030,-1,1013,1030,1015,-1,1015,1030,1028,-1,1015,1028,1017,-1,1017,1028,1026,-1,1017,1026,1019,-1,1019,1026,1024,-1,1019,1024,1021,-1,1021,1024,1023,-1,1021,1023,1089,-1,1089,1023,1093,-1,1088,1097,1020,-1,1020,1097,1022,-1,1020,1022,1018,-1,1018,1022,1025,-1,1018,1025,1016,-1,1016,1025,1027,-1,1016,1027,1014,-1,1014,1027,1029,-1,1014,1029,1012,-1,1012,1029,1031,-1,1012,1031,1010,-1,1010,1031,1033,-1,1010,1033,1008,-1,1008,1033,1035,-1,1008,1035,1006,-1,1006,1035,1037,-1,1056,1040,1075,-1,1075,1040,1108,-1,1075,1108,1077,-1,1077,1108,1106,-1,1077,1106,1079,-1,1079,1106,1104,-1,1079,1104,1081,-1,1081,1104,1102,-1,1081,1102,1083,-1,1083,1102,1100,-1,1083,1100,1085,-1,1085,1100,1098,-1,1085,1098,1087,-1,1087,1098,1094,-1,1087,1094,1090,-1,1090,1094,1096,-1,1096,1097,1090,-1,1090,1097,1088,-1,1040,1056,1037,-1,1037,1056,1006,-1,1058,1038,1059,-1,1059,1038,1044,-1,1060,1059,1042,-1,1042,1059,1044,-1,1043,1048,1066,-1,1066,1048,1069,-1,1053,1002,1061,-1,1061,1002,1004,-1,1060,1042,1041,-1,1060,1041,1067,-1,1067,1041,1052,-1,1067,1052,1062,-1,1062,1052,1051,-1,1062,1051,1063,-1,1063,1051,1050,-1,1063,1050,1064,-1,1064,1050,1055,-1,1064,1055,1065,-1,1065,1055,1043,-1,1065,1043,1066,-1,1069,1048,1046,-1,1069,1046,1071,-1,1071,1046,1045,-1,1071,1045,1072,-1,1072,1045,1047,-1,1072,1047,1070,-1,1070,1047,1049,-1,1070,1049,1068,-1,1068,1049,1054,-1,1068,1054,1073,-1,1073,1054,1053,-1,1073,1053,1061,-1,
        ]
    }
}
Shape{
    appearance Appearance {
        material  Material 	{
            diffuseColor 0.5019607843137255 0.5019607843137255 0.5019607843137255
            specularColor 0.25098039215686274 0.25098039215686274 0.25098039215686274
            ambientIntensity 0.2
            transparency 0
            shininess 0.5
        }
    }
    geometry IndexedFaceSet {
        ccw TRUE
        solid FALSE
        coord DEF co Coordinate {
            point [
                0.0028 -0.3306 0.0, -0.2091 -0.3306 0.0, -0.2091 -0.1286 0.0, 0.3317 -1.4075 0.0, 0.294 -1.4075 0.0, 0.294 -0.3306 0.0, 0.2117 0.0479 0.0, 0.2861 0.0479 0.0, 0.2861 -0.0169 0.0, 0.0198 -0.0734 0.0, 0.0028 -0.1286 0.0, 0.0128 -0.0528 0.0, 0.01 -0.0265 0.0, 0.1129 0.0695 0.0, 0.0845 0.0664 0.0, 0.0028 0.0707 0.0, 0.2861 -0.0385 0.0, 0.2861 -0.1058 0.0, 0.2165 -0.0385 0.0, 0.2069 -0.1058 0.0, 0.0311 -0.091 0.0, 0.0473 -0.1065 0.0, 0.0679 -0.1185 0.0, 0.1685 0.0695 0.0, 0.2165 -0.0169 0.0, 0.2117 0.0695 0.0, 0.294 0.0707 0.0, 0.0614 0.0584 0.0, 0.04 0.044 0.0, 0.0398 0.0438 0.0, 0.0259 0.0284 0.0, 0.0167 0.0115 0.0, 0.0114 -0.0079 0.0, 0.0906 -0.1252 0.0, 0.1149 -0.1274 0.0, 0.1685 -0.1274 0.0, 0.2069 -0.1274 0.0, 0.294 -0.1274 0.0, 0.294 -0.1286 0.0, 0.3125 -0.1274 0.0, 0.2669 0.8536 0.0, 0.2413 0.9154 0.0, 0.2362 1.6929 0.0, 0.2006 0.9684 0.0, 0.1476 1.009 0.0, 0.0859 1.0346 0.0, 0.0028 1.6929 0.0, 0.1476 0.5658 0.0, 0.2006 0.6064 0.0, 0.294 0.3017 0.0, 0.2413 0.6594 0.0, 0.2669 0.7212 0.0, 0.2362 1.7717 0.0, 0.294 1.7717 0.0, 0.2756 0.7874 0.0, 0.0028 0.3017 0.0, 0.0197 0.5315 0.0, 0.0859 0.5402 0.0, -0.1613 0.6064 0.0, -0.1083 0.5658 0.0, -0.2091 0.3017 0.0, -0.0465 0.5402 0.0, 0.0028 0.5337 0.0, -0.9252 0.3017 0.0, -0.9252 1.1811 0.0, -0.8465 1.1811 0.0, -0.8465 1.7717 0.0, -0.3937 1.7717 0.0, -0.3937 1.6929 0.0, -0.2275 0.8536 0.0, -0.2362 0.7874 0.0, -0.2275 0.7212 0.0, -0.2091 0.6768 0.0, -0.2019 0.6594 0.0, -0.2091 1.6929 0.0, -0.2091 0.898 0.0, -0.1083 1.009 0.0, -0.1613 0.9684 0.0, -0.2019 0.9154 0.0, 0.0197 1.0433 0.0, 0.0028 1.0411 0.0, -0.0465 1.0346 0.0, 0.1476 -1.009 0.0, 0.2006 -0.9684 0.0, 0.2413 -0.9154 0.0, 0.2669 -0.8536 0.0, 0.2756 -0.7874 0.0, 0.2669 -0.7212 0.0, 0.2413 -0.6594 0.0, 0.2006 -0.6064 0.0, 0.1476 -0.5658 0.0, 0.0028 -1.4075 0.0, 0.0197 -1.0433 0.0, 0.0859 -1.0346 0.0, -0.2091 -0.898 0.0, -0.2019 -0.9154 0.0, -0.2091 -1.4075 0.0, -0.1613 -0.9684 0.0, -0.1083 -1.009 0.0, -0.0465 -1.0346 0.0, 0.0028 -1.0411 0.0, -0.9252 -1.4075 0.0, -0.9252 -1.2795 0.0, -0.8465 -1.2795 0.0, -0.8465 -0.9843 0.0, -0.8465 -0.5906 0.0, -0.2362 -0.7874 0.0, -0.8465 -0.3306 0.0, -0.2091 -0.6768 0.0, -0.2275 -0.7212 0.0, -0.2275 -0.8536 0.0, -0.1613 -0.6064 0.0, -0.2019 -0.6594 0.0, -0.1083 -0.5658 0.0, 0.0859 -0.5402 0.0, 0.0197 -0.5315 0.0, 0.0028 -0.5337 0.0, -0.0465 -0.5402 0.0, -0.9252 -0.2953 0.0, -0.9252 -0.1286 0.0, -0.8465 -0.2953 0.0, 1.3583 -1.2795 0.0, 0.5057 -1.4075 0.0, 1.3583 -0.9843 0.0, 0.5057 -0.3306 0.0, 1.3583 -0.5906 0.0, 1.437 -0.1286 0.0, 1.437 -0.2953 0.0, 1.3583 -0.2953 0.0, 1.2205 1.7717 0.0, 1.437 1.7717 0.0, 1.2205 1.6929 0.0, 1.437 0.3017 0.0, 0.5906 1.6929 0.0, 0.3509 -0.1172 0.0, 0.3317 -0.1286 0.0, 0.3509 -0.0956 0.0, 0.3317 0.0707 0.0, 0.3798 0.0707 0.0, 0.3737 0.0703 0.0, 0.3509 0.0641 0.0, 0.3509 0.0377 0.0, 0.3731 0.0472 0.0, 0.3544 -0.0975 0.0, 0.397 0.0503 0.0, 0.4164 0.0481 0.0, 0.4311 0.0428 0.0, 0.4447 0.0337 0.0, 0.4566 0.0205 0.0, 0.4709 -0.031 0.0, 0.4689 -0.0524 0.0, 0.4636 -0.0693 0.0, 0.4198 -0.1061 0.0, 0.4014 -0.1082 0.0, 0.4341 -0.1008 0.0, 0.4462 -0.0927 0.0, 0.4555 -0.0829 0.0, 0.3753 -0.1053 0.0, 0.4647 0.0053 0.0, 0.47 -0.0157 0.0, 0.4119 0.0707 0.0, 0.3972 0.0719 0.0, 0.3317 0.3017 0.0, 0.4484 -0.1207 0.0, 0.4642 -0.1106 0.0, 0.5057 -0.1286 0.0, 0.4754 0.036 0.0, 0.4576 0.0531 0.0, 0.5057 0.0707 0.0, 0.4389 0.0639 0.0, 0.4973 -0.0327 0.0, 0.4945 -0.0047 0.0, 0.487 0.0176 0.0, 0.5057 0.3017 0.0, 0.417 0.0703 0.0, 0.479 -0.095 0.0, 0.4895 -0.0763 0.0, 0.4954 -0.0555 0.0, 0.3719 -0.1258 0.0, 0.3918 -0.1286 0.0, 0.3317 -0.3306 0.0, 0.3997 -0.1297 0.0, 0.4051 -0.1298 0.0, 0.4166 -0.1286 0.0, 1.437 -1.7717 0.0, 1.437 -1.4075 0.0, 1.437 -1.2795 0.0, -0.9252 -1.7717 0.0, -0.2091 -1.7717 0.0, 0.0028 -1.7717 0.0, 0.294 -1.7717 0.0, 0.3317 -1.7717 0.0, 0.5057 -1.7717 0.0, 0.4293 -0.1273 0.0, 0.3125 0.0695 0.0, 0.294 0.0695 0.0, 0.5141 -0.1058 0.0, 0.5141 -0.1274 0.0, 0.615 -0.1274 0.0, 0.615 0.0695 0.0, 1.437 0.0707 0.0, 1.3583 -0.3306 0.0, 0.5886 0.0695 0.0, 0.5886 -0.1058 0.0, -0.0332 -0.1274 0.0, -0.0044 -0.1274 0.0, -0.1052 0.0695 0.0, -0.182 -0.1274 0.0, -0.1532 -0.1274 0.0, -0.1333 -0.0722 0.0, -0.052 -0.0722 0.0, -0.9252 0.0707 0.0, -0.2091 0.0707 0.0, -0.0788 0.0695 0.0, 0.3317 1.7717 0.0, 0.5057 1.7717 0.0, 0.5906 1.7717 0.0, 1.3583 -0.2953 1.6535, 1.3583 -0.315 0.1969, 1.3583 -0.315 1.6535, 1.3583 -0.5906 0.1969, 1.2402 -0.315 1.7717, 1.2402 -0.2953 1.7717, -0.7283 -0.315 1.7717, -0.7283 -0.2953 1.7717, -0.8465 -0.315 0.1969, -0.8465 -0.315 1.6535, -0.8465 -0.2953 1.6535, -0.8465 -0.5906 0.1969, -0.8465 -0.5906 0.1969
            ]
        }
        coordIndex [
            0,1,2,-1,3,4,5,-1,6,7,8,-1,9,10,11,-1,11,10,12,-1,13,14,15,-1,16,17,18,-1,18,17,19,-1,9,20,10,-1,10,20,21,-1,10,21,22,-1,13,15,23,-1,8,24,6,-1,6,24,23,-1,6,23,25,-1,25,23,15,-1,25,15,26,-1,14,27,15,-1,15,27,28,-1,15,28,29,-1,29,30,15,-1,15,30,31,-1,15,31,32,-1,22,33,10,-1,10,33,34,-1,10,34,35,-1,36,37,38,-1,38,37,39,-1,40,41,42,-1,42,41,43,-1,43,44,42,-1,42,44,45,-1,42,45,46,-1,47,48,49,-1,49,48,50,-1,49,50,51,-1,52,53,42,-1,42,53,54,-1,42,54,40,-1,55,56,49,-1,49,56,57,-1,49,57,47,-1,58,59,60,-1,60,59,61,-1,60,61,55,-1,55,61,62,-1,55,62,56,-1,63,64,65,-1,63,65,60,-1,66,67,65,-1,65,67,68,-1,69,70,65,-1,70,71,65,-1,65,71,72,-1,65,72,60,-1,60,72,73,-1,60,73,58,-1,68,74,65,-1,65,74,75,-1,65,75,69,-1,76,77,74,-1,74,77,78,-1,74,78,75,-1,45,79,46,-1,46,79,80,-1,46,80,74,-1,74,80,81,-1,74,81,76,-1,82,83,4,-1,4,83,84,-1,84,85,4,-1,4,85,86,-1,4,86,5,-1,5,86,87,-1,87,88,5,-1,5,88,89,-1,5,89,90,-1,91,92,4,-1,4,92,93,-1,4,93,82,-1,94,95,96,-1,96,95,97,-1,97,98,96,-1,96,98,99,-1,96,99,91,-1,91,99,100,-1,91,100,92,-1,101,102,103,-1,104,105,106,-1,107,108,105,-1,105,108,109,-1,105,109,106,-1,106,110,104,-1,104,110,94,-1,104,94,103,-1,103,94,96,-1,103,96,101,-1,111,112,1,-1,111,1,113,-1,114,115,0,-1,0,115,116,-1,0,116,1,-1,1,116,117,-1,1,117,113,-1,118,119,120,-1,120,119,2,-1,120,2,107,-1,107,2,1,-1,107,1,108,-1,108,1,112,-1,121,122,123,-1,123,122,124,-1,123,124,125,-1,126,127,128,-1,129,130,131,-1,131,130,132,-1,131,132,133,-1,134,135,136,-1,136,135,137,-1,137,138,139,-1,139,140,137,-1,137,140,141,-1,137,141,136,-1,136,141,142,-1,136,142,143,-1,143,142,144,-1,143,144,145,-1,145,146,143,-1,143,146,147,-1,143,147,148,-1,149,150,143,-1,143,150,151,-1,152,153,154,-1,154,153,155,-1,151,156,143,-1,143,156,155,-1,143,155,157,-1,157,155,153,-1,148,158,143,-1,143,158,159,-1,143,159,149,-1,160,161,162,-1,163,164,165,-1,166,167,168,-1,168,167,169,-1,170,171,168,-1,168,171,172,-1,168,172,166,-1,162,173,160,-1,160,173,168,-1,160,168,174,-1,174,168,169,-1,164,175,165,-1,165,175,176,-1,165,176,177,-1,134,178,135,-1,135,178,179,-1,135,179,180,-1,179,181,180,-1,180,181,182,-1,180,182,183,-1,184,122,185,-1,185,122,121,-1,185,121,186,-1,187,101,188,-1,188,101,96,-1,188,96,189,-1,189,96,91,-1,189,91,190,-1,190,91,4,-1,190,4,191,-1,191,4,3,-1,191,3,192,-1,122,180,124,-1,124,180,183,-1,124,183,165,-1,165,183,193,-1,165,193,163,-1,180,38,135,-1,135,38,39,-1,135,39,137,-1,137,39,194,-1,137,194,26,-1,26,194,195,-1,26,195,25,-1,184,192,122,-1,122,192,3,-1,122,3,180,-1,180,3,5,-1,180,5,38,-1,38,5,10,-1,38,10,36,-1,36,10,35,-1,36,35,19,-1,19,35,23,-1,19,23,18,-1,18,23,24,-1,196,197,165,-1,165,197,198,-1,199,200,198,-1,198,200,126,-1,198,126,165,-1,165,126,128,-1,165,128,124,-1,124,128,201,-1,124,201,125,-1,177,170,165,-1,165,170,168,-1,165,168,196,-1,196,168,202,-1,196,202,203,-1,204,205,10,-1,10,205,15,-1,10,15,12,-1,12,15,32,-1,206,207,2,-1,2,207,208,-1,209,210,208,-1,208,210,204,-1,208,204,2,-1,2,204,10,-1,2,10,0,-1,0,10,5,-1,0,5,114,-1,114,5,90,-1,119,211,2,-1,2,211,212,-1,2,212,206,-1,206,212,15,-1,206,15,213,-1,213,15,205,-1,133,132,173,-1,173,132,200,-1,173,200,168,-1,168,200,199,-1,168,199,202,-1,211,63,212,-1,212,63,60,-1,212,60,15,-1,15,60,55,-1,15,55,26,-1,26,55,49,-1,26,49,137,-1,137,49,162,-1,137,162,138,-1,138,162,161,-1,51,54,49,-1,49,54,53,-1,49,53,162,-1,162,53,214,-1,162,214,173,-1,173,214,215,-1,173,215,133,-1,133,215,216,-1,128,217,218,-1,218,217,219,-1,128,218,201,-1,201,218,220,-1,201,220,125,-1,221,222,223,-1,223,222,224,-1,225,226,227,-1,105,228,107,-1,107,228,225,-1,107,225,120,-1,120,225,227,-1,
        ]
    }
}
Shape{
    appearance Appearance {
        material  Material 	{
            diffuseColor 1.0 1.0 1.0
            specularColor 0.5019607843137255 0.5019607843137255 0.5019607843137255
            ambientIntensity 0.2
            transparency 0
            shininess 0.5
        }
    }
    geometry IndexedFaceSet {
        ccw TRUE
        solid FALSE
        coord DEF co Coordinate {
            point [
                -0.8465 -0.2953 1.6535, -0.8465 -0.315 1.6535, -0.8424 -0.315 1.6841, -0.8424 -0.2953 1.6841, -0.8306 -0.315 1.7126, -0.8306 -0.2953 1.7126, -0.8119 -0.315 1.7371, -0.8119 -0.2953 1.7371, -0.7874 -0.315 1.7558, -0.7874 -0.2953 1.7558, -0.7589 -0.315 1.7676, -0.7589 -0.2953 1.7676, -0.7283 -0.315 1.7717, -0.7283 -0.2953 1.7717, 1.2402 -0.2953 1.7717, 1.2402 -0.315 1.7717, 1.2707 -0.315 1.7676, 1.2707 -0.2953 1.7676, 1.2992 -0.315 1.7558, 1.2992 -0.2953 1.7558, 1.3237 -0.315 1.7371, 1.3237 -0.2953 1.7371, 1.3424 -0.315 1.7126, 1.3424 -0.2953 1.7126, 1.3542 -0.315 1.6841, 1.3542 -0.2953 1.6841, 1.3583 -0.315 1.6535, 1.3583 -0.2953 1.6535, 1.3583 -0.2953 1.6535
            ]
        }
        coordIndex [
            0,1,2,-1,0,2,3,-1,3,2,4,-1,3,4,5,-1,5,4,6,-1,5,6,7,-1,7,6,8,-1,7,8,9,-1,9,8,10,-1,9,10,11,-1,11,10,12,-1,11,12,13,-1,14,15,16,-1,14,16,17,-1,17,16,18,-1,17,18,19,-1,19,18,20,-1,19,20,21,-1,21,20,22,-1,21,22,23,-1,23,22,24,-1,23,24,25,-1,25,24,26,-1,25,26,27,-1,
        ]
    }
}
Shape{
    appearance Appearance {
        material  Material 	{
            diffuseColor 0.5019607843137255 0.5019607843137255 0.5019607843137255
            specularColor 0.25098039215686274 0.25098039215686274 0.25098039215686274
            ambientIntensity 0.2
            transparency 0
            shininess 0.5
        }
    }
    geometry IndexedFaceSet {
        ccw TRUE
        solid FALSE
        coord DEF co Coordinate {
            point [
                0.294 1.7717 0.0, 0.2362 1.7717 0.0, 0.2362 1.7717 0.2756, 0.5906 1.7717 0.2756, 0.5906 1.7717 0.0, 0.5057 1.7717 0.0, 0.3317 1.7717 0.0, 1.437 1.7717 0.1575, 1.437 1.7717 0.0, 1.2205 1.7717 0.1575, 1.2205 1.7717 0.0, 1.437 -1.2795 0.0, 1.437 -1.2795 1.8504, 1.437 -1.4075 0.0, 1.437 -1.7717 1.8504, 1.437 -1.7717 0.0, -0.9252 -1.7717 0.0, -0.9252 -1.7717 1.8504, -0.9252 -1.4075 0.0, -0.9252 -1.2795 1.8504, -0.9252 -1.2795 0.0, 1.437 1.378 1.6929, 1.437 1.7717 1.6929, 1.437 1.7717 1.8504, 1.437 -0.2953 0.0, 1.437 -0.1286 0.0, 1.437 -0.2953 1.8504, 1.437 0.0707 0.0, 1.437 0.3017 0.0, 1.437 1.378 0.1575, 1.2205 1.7717 1.6929, 1.2205 1.7717 1.5748, 0.9109 1.7717 1.5748, -0.9252 1.7717 1.8504, 1.0369 1.7717 0.5866, 0.9581 1.7717 0.5866, 1.0369 1.7717 1.339, 0.9581 1.7717 1.3063, 0.9109 1.7717 1.4649, 0.8322 1.7717 1.4323, 0.8322 1.7717 1.5748, -0.3937 1.7717 1.5748, -0.3937 1.7717 0.0, -0.8465 1.7717 0.0, -1.3976 1.7717 -0.0039, -1.3976 1.7717 0.0748, -0.9252 1.7717 0.0748, -0.8465 1.7717 -0.0039, -0.9252 -0.2953 1.8504, -0.9252 1.1811 0.0748, -0.9252 1.1811 0.0, -0.9252 0.3017 0.0, -0.9252 0.0707 0.0, -0.9252 -0.1286 0.0, -0.9252 -0.2953 0.0, -0.3637 -1.7717 1.5248, -0.2434 -1.7717 1.5847, 0.2828 -1.7717 1.5847, 0.4031 -1.7717 1.5248, -0.1141 -1.7717 1.6215, 0.0197 -1.7717 1.6339, 0.1535 -1.7717 1.6215, -0.2091 -1.7717 0.0, -0.2434 -1.7717 0.2263, -0.3637 -1.7717 0.2863, -0.471 -1.7717 0.3673, -0.6323 -1.7717 1.2302, -0.5615 -1.7717 1.3444, -0.471 -1.7717 1.4438, 0.5104 -1.7717 1.4438, 0.6009 -1.7717 1.3444, 0.6717 -1.7717 1.2302, -0.5615 -1.7717 0.4666, -0.6323 -1.7717 0.5809, -0.6809 -1.7717 0.7062, -0.7056 -1.7717 0.8383, -0.7056 -1.7717 0.9727, -0.6809 -1.7717 1.1048, 0.7202 -1.7717 0.7062, 0.6717 -1.7717 0.5809, 0.6009 -1.7717 0.4666, 0.5104 -1.7717 0.3673, 0.5057 -1.7717 0.0, 0.4031 -1.7717 0.2863, 0.3317 -1.7717 0.0, 0.2828 -1.7717 0.2263, 0.294 -1.7717 0.0, 0.1535 -1.7717 0.1896, 0.0028 -1.7717 0.0, 0.0197 -1.7717 0.1772, -0.1141 -1.7717 0.1896, 0.7202 -1.7717 1.1048, 0.7449 -1.7717 0.9727, 0.7449 -1.7717 0.8383, 0.0197 1.378 0.1772, 0.1535 1.378 0.1896, 0.2828 1.378 0.2263, 0.4031 1.378 0.2863, 0.5104 1.378 0.3673, 0.6009 1.378 0.4666, 0.6717 1.378 0.5809, 0.7202 1.378 0.7062, 0.7449 1.378 0.8383, 0.7449 1.378 0.9727, 0.7202 1.378 1.1048, 0.6717 1.378 1.2302, 0.6009 1.378 1.3444, 0.5104 1.378 1.4438, 0.4031 1.378 1.5248, 0.2828 1.378 1.5847, 0.1535 1.378 1.6215, 0.0197 1.378 1.6339, -0.1141 1.378 1.6215, -0.2434 1.378 1.5847, -0.3637 1.378 1.5248, -0.471 1.378 1.4438, -0.5615 1.378 1.3444, -0.6323 1.378 1.2302, -0.6809 1.378 1.1048, -0.7056 1.378 0.9727, -0.7056 1.378 0.8383, -0.6809 1.378 0.7062, -0.6323 1.378 0.5809, -0.5615 1.378 0.4666, -0.471 1.378 0.3673, -0.3637 1.378 0.2863, -0.2434 1.378 0.2263, -0.1141 1.378 0.1896, -0.6685 1.378 0.9383, -0.6623 1.378 0.8075, -0.6314 1.378 0.6802, -0.577 1.378 0.561, -0.501 1.378 0.4543, -0.4062 1.378 0.3639, -0.296 1.378 0.2931, -0.1744 1.378 0.2444, -0.0458 1.378 0.2197, 0.0197 1.378 0.2165, 0.0852 1.378 0.2197, 0.2138 1.378 0.2444, 0.3354 1.378 0.2931, 0.4456 1.378 0.3639, 0.5404 1.378 0.4543, 0.6164 1.378 0.561, 0.6708 1.378 0.6802, 0.7016 1.378 0.8075, 0.7079 1.378 0.9383, 0.6892 1.378 1.0679, 0.6464 1.378 1.1917, 0.5809 1.378 1.3052, 0.4951 1.378 1.4041, 0.3922 1.378 1.4851, 0.2758 1.378 1.5451, 0.1501 1.378 1.582, 0.0197 1.378 1.5945, -0.1107 1.378 1.582, -0.2364 1.378 1.5451, -0.3528 1.378 1.4851, -0.4558 1.378 1.4041, -0.5415 1.378 1.3052, -0.607 1.378 1.1917, -0.6499 1.378 1.0679, 1.3583 -1.2598 1.6535, 1.3583 -1.2795 1.6535, 1.3583 -1.2598 0.1969, 1.3583 -1.2795 0.0, 1.3583 -0.9843 0.1969, 1.3583 -0.9843 0.0, -0.7283 -1.2795 1.7717, 1.2402 -1.2795 1.7717, -0.7283 -1.2598 1.7717, 1.2402 -1.2598 1.7717, -0.8465 -1.2795 1.6535, -0.8465 -1.2598 1.6535, -0.8465 -1.2598 0.1969, -0.8465 -0.9843 0.1969, -0.8465 -0.9843 0.0, -0.8465 -1.2795 0.0, -0.8465 -0.2953 0.0, -0.8465 -0.2953 1.6535, -0.8424 -0.2953 1.6841, -0.8306 -0.2953 1.7126, -0.8119 -0.2953 1.7371, -0.7874 -0.2953 1.7558, 1.3583 -0.2953 0.0, 1.3583 -0.2953 1.6535, 1.3542 -0.2953 1.6841, 1.3424 -0.2953 1.7126, 1.2707 -0.2953 1.7676, 1.2992 -0.2953 1.7558, 1.3237 -0.2953 1.7371, -0.7589 -0.2953 1.7676, -0.7283 -0.2953 1.7717, 1.2402 -0.2953 1.7717, 1.3542 -1.2795 1.6841, -0.8424 -1.2795 1.6841, -0.8306 -1.2795 1.7126, 1.3424 -1.2795 1.7126, 1.3237 -1.2795 1.7371, 1.2992 -1.2795 1.7558, -0.7589 -1.2795 1.7676, -0.7874 -1.2795 1.7558, -0.8119 -1.2795 1.7371, 1.2707 -1.2795 1.7676, 1.2707 -1.2795 1.7676
            ]
        }
        coordIndex [
            0,1,2,-1,3,4,5,-1,3,5,2,-1,2,5,6,-1,2,6,0,-1,7,8,9,-1,9,8,10,-1,11,12,13,-1,13,12,14,-1,13,14,15,-1,16,17,18,-1,18,17,19,-1,18,19,20,-1,19,17,12,-1,12,17,14,-1,21,22,23,-1,24,25,26,-1,26,25,27,-1,26,27,28,-1,23,26,21,-1,21,26,28,-1,21,28,29,-1,29,28,8,-1,29,8,7,-1,23,22,30,-1,31,32,30,-1,30,32,33,-1,30,33,23,-1,34,35,36,-1,36,35,37,-1,36,37,38,-1,38,37,39,-1,38,39,32,-1,32,39,40,-1,32,40,33,-1,41,42,43,-1,44,45,46,-1,40,41,33,-1,33,41,43,-1,33,43,46,-1,46,43,47,-1,46,47,44,-1,48,33,46,-1,46,49,48,-1,48,49,50,-1,48,50,51,-1,51,52,48,-1,48,52,53,-1,48,53,54,-1,17,55,56,-1,57,58,14,-1,56,59,17,-1,17,59,60,-1,17,60,14,-1,14,60,61,-1,14,61,57,-1,62,63,16,-1,16,63,64,-1,16,64,65,-1,66,67,17,-1,17,67,68,-1,17,68,55,-1,58,69,14,-1,14,69,70,-1,14,70,71,-1,65,72,16,-1,16,72,73,-1,16,73,74,-1,74,75,16,-1,16,75,76,-1,16,76,17,-1,17,76,77,-1,17,77,66,-1,78,79,15,-1,79,80,15,-1,15,80,81,-1,15,81,82,-1,82,81,83,-1,82,83,84,-1,84,83,85,-1,84,85,86,-1,86,85,87,-1,86,87,88,-1,88,87,89,-1,88,89,62,-1,62,89,90,-1,62,90,63,-1,71,91,14,-1,14,91,92,-1,14,92,15,-1,15,92,93,-1,15,93,78,-1,23,33,26,-1,26,33,48,-1,94,89,95,-1,95,89,87,-1,95,87,96,-1,96,87,85,-1,96,85,97,-1,97,85,83,-1,97,83,98,-1,98,83,81,-1,98,81,99,-1,99,81,80,-1,99,80,100,-1,100,80,79,-1,100,79,101,-1,101,79,78,-1,101,78,102,-1,102,78,93,-1,102,93,103,-1,103,93,92,-1,103,92,104,-1,104,92,91,-1,104,91,105,-1,105,91,71,-1,105,71,106,-1,106,71,70,-1,106,70,107,-1,107,70,69,-1,107,69,108,-1,108,69,58,-1,108,58,109,-1,109,58,57,-1,109,57,110,-1,110,57,61,-1,110,61,111,-1,111,61,60,-1,111,60,112,-1,112,60,59,-1,112,59,113,-1,113,59,56,-1,113,56,114,-1,114,56,55,-1,114,55,115,-1,115,55,68,-1,115,68,116,-1,116,68,67,-1,116,67,117,-1,117,67,66,-1,117,66,118,-1,118,66,77,-1,118,77,119,-1,119,77,76,-1,119,76,120,-1,120,76,75,-1,120,75,121,-1,121,75,74,-1,121,74,122,-1,122,74,73,-1,122,73,123,-1,123,73,72,-1,123,72,124,-1,124,72,65,-1,124,65,125,-1,125,65,64,-1,125,64,126,-1,126,64,63,-1,126,63,127,-1,127,63,90,-1,127,90,94,-1,94,90,89,-1,128,119,129,-1,129,119,120,-1,129,120,130,-1,130,120,121,-1,130,121,131,-1,131,121,122,-1,131,122,132,-1,132,122,123,-1,132,123,133,-1,133,123,124,-1,133,124,134,-1,134,124,125,-1,134,125,135,-1,135,125,126,-1,135,126,136,-1,136,126,127,-1,136,127,137,-1,137,127,94,-1,137,94,138,-1,138,94,95,-1,138,95,139,-1,139,95,96,-1,139,96,140,-1,140,96,97,-1,140,97,141,-1,141,97,98,-1,141,98,142,-1,142,98,99,-1,142,99,143,-1,143,99,100,-1,143,100,144,-1,144,100,101,-1,144,101,145,-1,145,101,102,-1,145,102,146,-1,146,102,103,-1,146,103,147,-1,147,103,104,-1,147,104,148,-1,148,104,105,-1,148,105,149,-1,149,105,106,-1,149,106,150,-1,150,106,107,-1,150,107,151,-1,151,107,108,-1,151,108,152,-1,152,108,109,-1,152,109,153,-1,153,109,110,-1,153,110,154,-1,154,110,111,-1,154,111,155,-1,155,111,112,-1,155,112,156,-1,156,112,113,-1,156,113,157,-1,157,113,114,-1,157,114,158,-1,158,114,115,-1,158,115,159,-1,159,115,116,-1,159,116,160,-1,160,116,117,-1,160,117,161,-1,161,117,118,-1,161,118,128,-1,128,118,119,-1,162,163,164,-1,164,163,165,-1,164,165,166,-1,166,165,167,-1,168,169,170,-1,170,169,171,-1,172,173,174,-1,175,176,174,-1,174,176,177,-1,174,177,172,-1,54,178,48,-1,48,178,179,-1,48,179,180,-1,180,181,48,-1,48,181,182,-1,48,182,183,-1,184,24,185,-1,185,24,26,-1,185,26,186,-1,186,26,187,-1,188,189,26,-1,26,189,190,-1,26,190,187,-1,183,191,48,-1,48,191,192,-1,48,192,26,-1,26,192,193,-1,26,193,188,-1,11,165,12,-1,12,165,163,-1,12,163,194,-1,177,20,172,-1,172,20,19,-1,172,19,195,-1,195,19,196,-1,194,197,12,-1,12,197,198,-1,12,198,199,-1,200,201,19,-1,19,201,202,-1,19,202,196,-1,199,203,12,-1,12,203,169,-1,12,169,19,-1,19,169,168,-1,19,168,200,-1,
        ]
    }
}
Shape{
    appearance Appearance {
        material  Material 	{
            diffuseColor 1.0 1.0 1.0
            specularColor 0.5019607843137255 0.5019607843137255 0.5019607843137255
            ambientIntensity 0.2
            transparency 0
            shininess 0.5
        }
    }
    geometry IndexedFaceSet {
        ccw TRUE
        solid FALSE
        coord DEF co Coordinate {
            point [
                -0.8465 -1.2598 1.6535, -0.8465 -1.2795 1.6535, -0.8424 -1.2795 1.6841, -0.8424 -1.2598 1.6841, -0.8306 -1.2795 1.7126, -0.8306 -1.2598 1.7126, -0.8119 -1.2795 1.7371, -0.8119 -1.2598 1.7371, -0.7874 -1.2795 1.7558, -0.7874 -1.2598 1.7558, -0.7589 -1.2795 1.7676, -0.7589 -1.2598 1.7676, -0.7283 -1.2795 1.7717, -0.7283 -1.2598 1.7717, 1.2402 -1.2598 1.7717, 1.2402 -1.2795 1.7717, 1.2707 -1.2795 1.7676, 1.2707 -1.2598 1.7676, 1.2992 -1.2795 1.7558, 1.2992 -1.2598 1.7558, 1.3237 -1.2795 1.7371, 1.3237 -1.2598 1.7371, 1.3424 -1.2795 1.7126, 1.3424 -1.2598 1.7126, 1.3542 -1.2795 1.6841, 1.3542 -1.2598 1.6841, 1.3583 -1.2795 1.6535, 1.3583 -1.2598 1.6535, 1.3583 -1.2598 1.6535
            ]
        }
        coordIndex [
            0,1,2,-1,0,2,3,-1,3,2,4,-1,3,4,5,-1,5,4,6,-1,5,6,7,-1,7,6,8,-1,7,8,9,-1,9,8,10,-1,9,10,11,-1,11,10,12,-1,11,12,13,-1,14,15,16,-1,14,16,17,-1,17,16,18,-1,17,18,19,-1,19,18,20,-1,19,20,21,-1,21,20,22,-1,21,22,23,-1,23,22,24,-1,23,24,25,-1,25,24,26,-1,25,26,27,-1,
        ]
    }
}
Shape{
    appearance Appearance {
        material  Material 	{
            diffuseColor 0.5019607843137255 0.5019607843137255 0.5019607843137255
            specularColor 0.25098039215686274 0.25098039215686274 0.25098039215686274
            ambientIntensity 0.2
            transparency 0
            shininess 0.5
        }
    }
    geometry IndexedFaceSet {
        ccw TRUE
        solid FALSE
        coord DEF co Coordinate {
            point [
                1.2205 1.6929 1.6929, 1.2205 1.7717 1.6929, 1.2795 1.6929 1.6929, 1.437 1.7717 1.6929, 1.2795 1.378 1.6929, 1.437 1.378 1.6929, 1.2795 1.6929 0.1575, 1.2795 1.378 0.1575, 1.437 1.378 0.1575, 1.437 1.7717 0.1575, 1.2205 1.6929 0.1575, 1.2205 1.7717 0.1575, 0.5906 1.6929 0.2756, 0.5906 1.6929 0.0, 0.5906 1.7717 0.2756, 0.5906 1.7717 0.0, 1.2205 1.7717 0.0, 1.2205 1.6929 0.0, 0.9109 1.7717 1.5748, 1.2205 1.7717 1.5748, 0.9109 1.6929 1.5748, 1.2205 1.6929 1.5748, -0.3937 1.7717 1.5748, -0.3937 1.6929 1.5748, -0.3937 1.7717 0.0, -0.3937 1.6929 0.0, 0.8322 1.6929 1.5748, 0.8322 1.6929 1.4323, 0.2362 1.6929 0.0, 0.0028 1.6929 0.0, -0.2091 1.6929 0.0, 0.9581 1.6929 1.3063, 0.9581 1.6929 0.5866, 0.9109 1.6929 1.4649, 1.0369 1.6929 1.339, 1.0369 1.6929 0.5866, 0.2362 1.6929 0.2756, 0.2362 1.7717 0.2756, 0.2362 1.7717 0.0, 0.8322 1.7717 1.5748, 0.2741 -0.8151 -0.1575, 0.2756 -0.7874 0.0, 0.2669 -0.8536 0.0, 0.2413 -0.9154 0.0, 0.2622 -0.8691 -0.1575, 0.2657 -0.8534 -0.1575, 0.2002 -0.9679 -0.1575, 0.2055 -0.9634 -0.1575, 0.2006 -0.9684 0.0, 0.239 -0.9193 -0.1575, 0.2409 -0.9152 -0.1575, 0.1633 -0.9992 -0.1575, 0.1476 -1.009 0.0, 0.147 -1.0078 -0.1575, 0.1144 -1.0251 -0.1575, 0.0859 -1.0346 0.0, 0.0855 -1.0332 -0.1575, 0.0611 -1.0399 -0.1575, 0.0197 -1.0433 0.0, 0.0196 -1.0422 -0.1575, 0.0058 -1.0429 -0.1575, 0.0028 -1.0411 0.0, -0.0465 -1.0344 -0.1575, -0.0465 -1.0346 0.0, -0.0488 -1.034 -0.1575, -0.1083 -1.009 0.0, -0.1002 -1.0135 -0.1575, -0.1613 -0.9684 0.0, -0.146 -0.9824 -0.1575, -0.1078 -1.0083 -0.1575, -0.2019 -0.9154 0.0, -0.184 -0.9423 -0.1575, -0.1602 -0.9674 -0.1575, -0.2362 -0.7874 0.0, -0.2302 -0.8424 -0.1575, -0.2275 -0.8536 0.0, -0.2266 -0.8533 -0.1575, -0.2091 -0.898 0.0, -0.2126 -0.8949 -0.1575, -0.2007 -0.9146 -0.1575, -0.2275 -0.7212 0.0, -0.2302 -0.7324 -0.1575, -0.2362 -0.7874 -0.1575, -0.1613 -0.6064 0.0, -0.184 -0.6325 -0.1575, -0.2019 -0.6594 0.0, -0.2007 -0.6602 -0.1575, -0.2091 -0.6768 0.0, -0.2126 -0.6799 -0.1575, -0.2266 -0.7215 -0.1575, -0.1083 -0.5658 0.0, -0.146 -0.5924 -0.1575, -0.1602 -0.6074 -0.1575, -0.0465 -0.5405 -0.1575, -0.0488 -0.5408 -0.1575, -0.0465 -0.5402 0.0, -0.1002 -0.5613 -0.1575, -0.1078 -0.5665 -0.1575, 0.0058 -0.5319 -0.1575, 0.0028 -0.5337 0.0, 0.0196 -0.5326 -0.1575, 0.0197 -0.5315 0.0, 0.0611 -0.5349 -0.1575, 0.0859 -0.5402 0.0, 0.0855 -0.5417 -0.1575, 0.1144 -0.5497 -0.1575, 0.1476 -0.5658 0.0, 0.147 -0.567 -0.1575, 0.1633 -0.5756 -0.1575, 0.2006 -0.6064 0.0, 0.2002 -0.6069 -0.1575, 0.2055 -0.6114 -0.1575, 0.2413 -0.6594 0.0, 0.239 -0.6555 -0.1575, 0.2669 -0.7212 0.0, 0.2622 -0.7057 -0.1575, 0.2409 -0.6596 -0.1575, 0.2741 -0.7874 -0.1575, 0.2741 -0.7597 -0.1575, 0.2657 -0.7214 -0.1575, -0.1969 -0.7874 -0.1969, -0.1918 -0.7409 -0.1969, 0.0197 -0.7874 -0.1969, -0.1918 -0.834 -0.1969, -0.1205 -0.9524 -0.1969, -0.1527 -0.9184 -0.1969, -0.1768 -0.8783 -0.1969, 0.008 -1.0036 -0.1969, -0.0382 -0.996 -0.1969, -0.0817 -0.9787 -0.1969, 0.1412 -0.9666 -0.1969, 0.0998 -0.9886 -0.1969, 0.0547 -1.0011 -0.1969, 0.2249 -0.8565 -0.1969, 0.2052 -0.899 -0.1969, 0.1769 -0.9363 -0.1969, 0.2249 -0.7183 -0.1969, 0.235 -0.764 -0.1969, 0.235 -0.8108 -0.1969, 0.1412 -0.6082 -0.1969, 0.1769 -0.6385 -0.1969, 0.2052 -0.6758 -0.1969, 0.008 -0.5712 -0.1969, 0.0547 -0.5737 -0.1969, 0.0998 -0.5862 -0.1969, -0.1205 -0.6224 -0.1969, -0.0817 -0.5961 -0.1969, -0.0382 -0.5788 -0.1969, -0.1768 -0.6965 -0.1969, -0.1527 -0.6564 -0.1969, 0.2741 0.7597 -0.1575, 0.2756 0.7874 0.0, 0.2669 0.7212 0.0, 0.2413 0.6594 0.0, 0.2622 0.7057 -0.1575, 0.2657 0.7214 -0.1575, 0.2002 0.6069 -0.1575, 0.2055 0.6114 -0.1575, 0.2006 0.6064 0.0, 0.239 0.6555 -0.1575, 0.2409 0.6596 -0.1575, 0.1633 0.5756 -0.1575, 0.1476 0.5658 0.0, 0.147 0.567 -0.1575, 0.1144 0.5497 -0.1575, 0.0859 0.5402 0.0, 0.0855 0.5417 -0.1575, 0.0611 0.5349 -0.1575, 0.0197 0.5315 0.0, 0.0196 0.5326 -0.1575, 0.0058 0.5319 -0.1575, 0.0028 0.5337 0.0, -0.0465 0.5405 -0.1575, -0.0465 0.5402 0.0, -0.0488 0.5408 -0.1575, -0.1083 0.5658 0.0, -0.1002 0.5613 -0.1575, -0.1613 0.6064 0.0, -0.146 0.5924 -0.1575, -0.1078 0.5665 -0.1575, -0.2019 0.6594 0.0, -0.184 0.6325 -0.1575, -0.1602 0.6074 -0.1575, -0.2362 0.7874 0.0, -0.2302 0.7324 -0.1575, -0.2275 0.7212 0.0, -0.2266 0.7215 -0.1575, -0.2091 0.6768 0.0, -0.2126 0.6799 -0.1575, -0.2007 0.6602 -0.1575, -0.2275 0.8536 0.0, -0.2302 0.8424 -0.1575, -0.2362 0.7874 -0.1575, -0.1613 0.9684 0.0, -0.184 0.9423 -0.1575, -0.2019 0.9154 0.0, -0.2007 0.9146 -0.1575, -0.2091 0.898 0.0, -0.2126 0.8949 -0.1575, -0.2266 0.8533 -0.1575, -0.1083 1.009 0.0, -0.146 0.9824 -0.1575, -0.1602 0.9674 -0.1575, -0.0465 1.0344 -0.1575, -0.0488 1.034 -0.1575, -0.0465 1.0346 0.0, -0.1002 1.0135 -0.1575, -0.1078 1.0083 -0.1575, 0.0058 1.0429 -0.1575, 0.0028 1.0411 0.0, 0.0196 1.0422 -0.1575, 0.0197 1.0433 0.0, 0.0611 1.0399 -0.1575, 0.0859 1.0346 0.0, 0.0855 1.0332 -0.1575, 0.1144 1.0251 -0.1575, 0.1476 1.009 0.0, 0.147 1.0078 -0.1575, 0.1633 0.9992 -0.1575, 0.2006 0.9684 0.0, 0.2002 0.9679 -0.1575, 0.2055 0.9634 -0.1575, 0.2413 0.9154 0.0, 0.239 0.9193 -0.1575, 0.2669 0.8536 0.0, 0.2622 0.8691 -0.1575, 0.2409 0.9152 -0.1575, 0.2741 0.7874 -0.1575, 0.2741 0.8151 -0.1575, 0.2657 0.8534 -0.1575, -0.1969 0.7874 -0.1969, -0.1918 0.834 -0.1969, 0.0197 0.7874 -0.1969, -0.1918 0.7409 -0.1969, -0.1205 0.6224 -0.1969, -0.1527 0.6564 -0.1969, -0.1768 0.6965 -0.1969, 0.008 0.5712 -0.1969, -0.0382 0.5788 -0.1969, -0.0817 0.5961 -0.1969, 0.1412 0.6082 -0.1969, 0.0998 0.5862 -0.1969, 0.0547 0.5737 -0.1969, 0.2249 0.7183 -0.1969, 0.2052 0.6758 -0.1969, 0.1769 0.6385 -0.1969, 0.2249 0.8565 -0.1969, 0.235 0.8108 -0.1969, 0.235 0.764 -0.1969, 0.1412 0.9666 -0.1969, 0.1769 0.9363 -0.1969, 0.2052 0.899 -0.1969, 0.008 1.0036 -0.1969, 0.0547 1.0011 -0.1969, 0.0998 0.9886 -0.1969, -0.1205 0.9524 -0.1969, -0.0817 0.9787 -0.1969, -0.0382 0.996 -0.1969, -0.1768 0.8783 -0.1969, -0.1527 0.9184 -0.1969, -0.2114 0.8943 -0.1677, 0.0059 1.0416 -0.1677, 0.0609 1.0386 -0.1677, 0.2609 0.8687 -0.1677, 0.2728 0.8149 -0.1677, 0.2728 0.7599 -0.1677, 0.2378 0.6562 -0.1677, 0.1625 0.5767 -0.1677, -0.0484 0.5421 -0.1677, -0.1451 0.5934 -0.1677, -0.2017 0.7387 -0.1955, -0.1861 0.6922 -0.1955, -0.211 0.7366 -0.1916, -0.1947 0.6882 -0.1916, -0.219 0.7349 -0.1853, -0.2021 0.6848 -0.1853, -0.2251 0.7335 -0.1772, -0.2078 0.6822 -0.1772, -0.2289 0.7327 -0.1677, -0.2114 0.6805 -0.1677, 0.0074 0.561 -0.1955, 0.0564 0.5637 -0.1955, 0.0069 0.5515 -0.1916, 0.0579 0.5543 -0.1916, 0.0065 0.5434 -0.1853, 0.0592 0.5462 -0.1853, 0.0061 0.5371 -0.1772, 0.0602 0.5401 -0.1772, 0.0059 0.5332 -0.1677, 0.0609 0.5362 -0.1677, 0.2345 0.715 -0.1955, 0.2451 0.7629 -0.1955, 0.2435 0.712 -0.1916, 0.2545 0.7619 -0.1916, 0.2513 0.7094 -0.1853, 0.2626 0.761 -0.1853, 0.2572 0.7074 -0.1772, 0.2688 0.7603 -0.1772, 0.2609 0.7061 -0.1677, 0.1843 0.9433 -0.1955, 0.1469 0.9751 -0.1955, 0.1912 0.9499 -0.1916, 0.1522 0.9829 -0.1916, 0.1971 0.9555 -0.1853, 0.1568 0.9897 -0.1853, 0.2016 0.9598 -0.1772, 0.1603 0.9948 -0.1772, 0.2045 0.9625 -0.1677, 0.1625 0.9981 -0.1677, -0.0865 0.9877 -0.1955, -0.1271 0.9602 -0.1955, -0.091 0.9961 -0.1916, -0.1332 0.9674 -0.1916, -0.0948 1.0033 -0.1853, -0.1385 0.9737 -0.1853, -0.0977 1.0088 -0.1772, -0.1426 0.9784 -0.1772, -0.0996 1.0123 -0.1677, -0.1451 0.9814 -0.1677, -0.207 0.7874 -0.1955, -0.2165 0.7874 -0.1916, -0.2247 0.7874 -0.1853, -0.2309 0.7874 -0.1772, -0.2349 0.7874 -0.1677, -0.183 0.6333 -0.1677, -0.1798 0.6357 -0.1772, -0.1749 0.6395 -0.1853, -0.1684 0.6444 -0.1916, -0.1608 0.6502 -0.1955, -0.1426 0.5964 -0.1772, -0.1385 0.6011 -0.1853, -0.1332 0.6074 -0.1916, -0.1271 0.6146 -0.1955, -0.0996 0.5625 -0.1677, -0.0977 0.566 -0.1772, -0.0948 0.5715 -0.1853, -0.091 0.5787 -0.1916, -0.0865 0.5871 -0.1955, -0.041 0.5689 -0.1955, -0.0435 0.5598 -0.1916, -0.0457 0.5519 -0.1853, -0.0474 0.5459 -0.1772, 0.1139 0.5509 -0.1677, 0.1125 0.5546 -0.1772, 0.1101 0.5604 -0.1853, 0.1071 0.568 -0.1916, 0.1036 0.5768 -0.1955, 0.1603 0.58 -0.1772, 0.1568 0.5851 -0.1853, 0.1522 0.5919 -0.1916, 0.1469 0.5997 -0.1955, 0.2045 0.6123 -0.1677, 0.2016 0.615 -0.1772, 0.1971 0.6193 -0.1853, 0.1912 0.625 -0.1916, 0.1843 0.6315 -0.1955, 0.214 0.6705 -0.1955, 0.2221 0.6656 -0.1916, 0.2291 0.6614 -0.1853, 0.2344 0.6582 -0.1772, 0.2688 0.8145 -0.1772, 0.2626 0.8138 -0.1853, 0.2545 0.8129 -0.1916, 0.2451 0.8119 -0.1955, 0.2572 0.8674 -0.1772, 0.2513 0.8654 -0.1853, 0.2435 0.8628 -0.1916, 0.2345 0.8598 -0.1955, 0.2378 0.9186 -0.1677, 0.2344 0.9166 -0.1772, 0.2291 0.9134 -0.1853, 0.2221 0.9092 -0.1916, 0.214 0.9043 -0.1955, 0.1139 1.0239 -0.1677, 0.1125 1.0202 -0.1772, 0.1101 1.0144 -0.1853, 0.1071 1.0068 -0.1916, 0.1036 0.998 -0.1955, 0.0602 1.0347 -0.1772, 0.0592 1.0286 -0.1853, 0.0579 1.0205 -0.1916, 0.0564 1.0111 -0.1955, 0.0061 1.0377 -0.1772, 0.0065 1.0314 -0.1853, 0.0069 1.0233 -0.1916, 0.0074 1.0138 -0.1955, -0.0484 1.0327 -0.1677, -0.0474 1.0289 -0.1772, -0.0457 1.0229 -0.1853, -0.0435 1.015 -0.1916, -0.041 1.0059 -0.1955, -0.183 0.9415 -0.1677, -0.1798 0.9391 -0.1772, -0.1749 0.9353 -0.1853, -0.1684 0.9304 -0.1916, -0.1608 0.9246 -0.1955, -0.2078 0.8926 -0.1772, -0.2021 0.89 -0.1853, -0.1947 0.8866 -0.1916, -0.1861 0.8826 -0.1955, -0.2289 0.8421 -0.1677, -0.2251 0.8413 -0.1772, -0.219 0.8399 -0.1853, -0.211 0.8382 -0.1916, -0.2017 0.8361 -0.1955, -0.2114 -0.6805 -0.1677, 0.0059 -0.5332 -0.1677, 0.0609 -0.5362 -0.1677, 0.2609 -0.7061 -0.1677, 0.2728 -0.7599 -0.1677, 0.2728 -0.8149 -0.1677, 0.2378 -0.9186 -0.1677, 0.1625 -0.9981 -0.1677, -0.0484 -1.0327 -0.1677, -0.1451 -0.9814 -0.1677, -0.2017 -0.8361 -0.1955, -0.1861 -0.8826 -0.1955, -0.211 -0.8382 -0.1916, -0.1947 -0.8866 -0.1916, -0.219 -0.8399 -0.1853, -0.2021 -0.89 -0.1853, -0.2251 -0.8413 -0.1772, -0.2078 -0.8926 -0.1772, -0.2289 -0.8421 -0.1677, -0.2114 -0.8943 -0.1677, 0.0074 -1.0138 -0.1955, 0.0564 -1.0111 -0.1955, 0.0069 -1.0233 -0.1916, 0.0579 -1.0205 -0.1916, 0.0065 -1.0314 -0.1853, 0.0592 -1.0286 -0.1853, 0.0061 -1.0377 -0.1772, 0.0602 -1.0347 -0.1772, 0.0059 -1.0416 -0.1677, 0.0609 -1.0386 -0.1677, 0.2345 -0.8598 -0.1955, 0.2451 -0.8119 -0.1955, 0.2435 -0.8628 -0.1916, 0.2545 -0.8129 -0.1916, 0.2513 -0.8654 -0.1853, 0.2626 -0.8138 -0.1853, 0.2572 -0.8674 -0.1772, 0.2688 -0.8145 -0.1772, 0.2609 -0.8687 -0.1677, 0.1843 -0.6315 -0.1955, 0.1469 -0.5997 -0.1955, 0.1912 -0.625 -0.1916, 0.1522 -0.5919 -0.1916, 0.1971 -0.6193 -0.1853, 0.1568 -0.5851 -0.1853, 0.2016 -0.615 -0.1772, 0.1603 -0.58 -0.1772, 0.2045 -0.6123 -0.1677, 0.1625 -0.5767 -0.1677, -0.0865 -0.5871 -0.1955, -0.1271 -0.6146 -0.1955, -0.091 -0.5787 -0.1916, -0.1332 -0.6074 -0.1916, -0.0948 -0.5715 -0.1853, -0.1385 -0.6011 -0.1853, -0.0977 -0.566 -0.1772, -0.1426 -0.5964 -0.1772, -0.0996 -0.5625 -0.1677, -0.1451 -0.5934 -0.1677, -0.207 -0.7874 -0.1955, -0.2165 -0.7874 -0.1916, -0.2247 -0.7874 -0.1853, -0.2309 -0.7874 -0.1772, -0.2349 -0.7874 -0.1677, -0.183 -0.9415 -0.1677, -0.1798 -0.9391 -0.1772, -0.1749 -0.9353 -0.1853, -0.1684 -0.9304 -0.1916, -0.1608 -0.9246 -0.1955, -0.1426 -0.9784 -0.1772, -0.1385 -0.9737 -0.1853, -0.1332 -0.9674 -0.1916, -0.1271 -0.9602 -0.1955, -0.0996 -1.0123 -0.1677, -0.0977 -1.0088 -0.1772, -0.0948 -1.0033 -0.1853, -0.091 -0.9961 -0.1916, -0.0865 -0.9877 -0.1955, -0.041 -1.0059 -0.1955, -0.0435 -1.015 -0.1916, -0.0457 -1.0229 -0.1853, -0.0474 -1.0289 -0.1772, 0.1139 -1.0239 -0.1677, 0.1125 -1.0202 -0.1772, 0.1101 -1.0144 -0.1853, 0.1071 -1.0068 -0.1916, 0.1036 -0.998 -0.1955, 0.1603 -0.9948 -0.1772, 0.1568 -0.9897 -0.1853, 0.1522 -0.9829 -0.1916, 0.1469 -0.9751 -0.1955, 0.2045 -0.9625 -0.1677, 0.2016 -0.9598 -0.1772, 0.1971 -0.9555 -0.1853, 0.1912 -0.9499 -0.1916, 0.1843 -0.9433 -0.1955, 0.214 -0.9043 -0.1955, 0.2221 -0.9092 -0.1916, 0.2291 -0.9134 -0.1853, 0.2344 -0.9166 -0.1772, 0.2688 -0.7603 -0.1772, 0.2626 -0.761 -0.1853, 0.2545 -0.7619 -0.1916, 0.2451 -0.7629 -0.1955, 0.2572 -0.7074 -0.1772, 0.2513 -0.7094 -0.1853, 0.2435 -0.712 -0.1916, 0.2345 -0.715 -0.1955, 0.2378 -0.6562 -0.1677, 0.2344 -0.6582 -0.1772, 0.2291 -0.6614 -0.1853, 0.2221 -0.6656 -0.1916, 0.214 -0.6705 -0.1955, 0.1139 -0.5509 -0.1677, 0.1125 -0.5546 -0.1772, 0.1101 -0.5604 -0.1853, 0.1071 -0.568 -0.1916, 0.1036 -0.5768 -0.1955, 0.0602 -0.5401 -0.1772, 0.0592 -0.5462 -0.1853, 0.0579 -0.5543 -0.1916, 0.0564 -0.5637 -0.1955, 0.0061 -0.5371 -0.1772, 0.0065 -0.5434 -0.1853, 0.0069 -0.5515 -0.1916, 0.0074 -0.561 -0.1955, -0.0484 -0.5421 -0.1677, -0.0474 -0.5459 -0.1772, -0.0457 -0.5519 -0.1853, -0.0435 -0.5598 -0.1916, -0.041 -0.5689 -0.1955, -0.183 -0.6333 -0.1677, -0.1798 -0.6357 -0.1772, -0.1749 -0.6395 -0.1853, -0.1684 -0.6444 -0.1916, -0.1608 -0.6502 -0.1955, -0.2078 -0.6822 -0.1772, -0.2021 -0.6848 -0.1853, -0.1947 -0.6882 -0.1916, -0.1861 -0.6922 -0.1955, -0.2289 -0.7327 -0.1677, -0.2251 -0.7335 -0.1772, -0.219 -0.7349 -0.1853, -0.211 -0.7366 -0.1916, -0.2017 -0.7387 -0.1955, -0.2017 -0.7387 -0.1955
            ]
        }
        coordIndex [
            0,1,2,-1,2,1,3,-1,2,3,4,-1,4,3,5,-1,2,4,6,-1,6,4,7,-1,7,8,6,-1,6,8,9,-1,6,9,10,-1,10,9,11,-1,7,4,8,-1,8,4,5,-1,12,13,14,-1,14,13,15,-1,11,16,10,-1,10,16,17,-1,18,19,20,-1,20,19,21,-1,22,23,24,-1,24,23,25,-1,23,26,27,-1,28,29,23,-1,23,29,30,-1,23,30,25,-1,0,2,21,-1,21,2,6,-1,27,31,32,-1,33,20,34,-1,34,20,21,-1,34,21,35,-1,35,21,6,-1,35,6,32,-1,32,6,10,-1,28,23,36,-1,36,23,27,-1,36,27,12,-1,12,27,32,-1,12,32,13,-1,13,32,10,-1,13,10,17,-1,37,38,36,-1,36,38,28,-1,39,26,22,-1,22,26,23,-1,40,41,42,-1,43,44,42,-1,42,44,45,-1,42,45,40,-1,46,47,48,-1,48,47,49,-1,48,49,43,-1,43,49,50,-1,43,50,44,-1,46,48,51,-1,51,48,52,-1,51,52,53,-1,53,52,54,-1,54,52,55,-1,54,55,56,-1,56,55,57,-1,57,55,58,-1,57,58,59,-1,59,58,60,-1,60,58,61,-1,60,61,62,-1,62,61,63,-1,62,63,64,-1,64,63,65,-1,64,65,66,-1,67,68,65,-1,65,68,69,-1,65,69,66,-1,70,71,67,-1,67,71,72,-1,67,72,68,-1,73,74,75,-1,75,74,76,-1,75,76,77,-1,77,76,78,-1,77,78,70,-1,70,78,79,-1,70,79,71,-1,80,81,73,-1,73,81,82,-1,73,82,74,-1,83,84,85,-1,85,84,86,-1,85,86,87,-1,87,86,88,-1,87,88,80,-1,80,88,89,-1,80,89,81,-1,90,91,83,-1,83,91,92,-1,83,92,84,-1,93,94,95,-1,95,94,96,-1,95,96,90,-1,90,96,97,-1,90,97,91,-1,93,95,98,-1,98,95,99,-1,98,99,100,-1,100,99,101,-1,100,101,102,-1,102,101,103,-1,102,103,104,-1,104,103,105,-1,105,103,106,-1,105,106,107,-1,107,106,108,-1,108,106,109,-1,108,109,110,-1,110,109,111,-1,111,109,112,-1,111,112,113,-1,114,115,112,-1,112,115,116,-1,112,116,113,-1,40,117,41,-1,41,117,118,-1,41,118,114,-1,114,118,119,-1,114,119,115,-1,120,121,122,-1,120,122,123,-1,124,125,122,-1,122,125,126,-1,122,126,123,-1,127,128,122,-1,122,128,129,-1,122,129,124,-1,130,131,122,-1,122,131,132,-1,122,132,127,-1,133,134,122,-1,122,134,135,-1,122,135,130,-1,136,137,122,-1,122,137,138,-1,122,138,133,-1,139,140,122,-1,122,140,141,-1,122,141,136,-1,142,143,122,-1,122,143,144,-1,122,144,139,-1,145,146,122,-1,122,146,147,-1,122,147,142,-1,121,148,122,-1,122,148,149,-1,122,149,145,-1,150,151,152,-1,153,154,152,-1,152,154,155,-1,152,155,150,-1,156,157,158,-1,158,157,159,-1,158,159,153,-1,153,159,160,-1,153,160,154,-1,156,158,161,-1,161,158,162,-1,161,162,163,-1,163,162,164,-1,164,162,165,-1,164,165,166,-1,166,165,167,-1,167,165,168,-1,167,168,169,-1,169,168,170,-1,170,168,171,-1,170,171,172,-1,172,171,173,-1,172,173,174,-1,174,173,175,-1,174,175,176,-1,177,178,175,-1,175,178,179,-1,175,179,176,-1,180,181,177,-1,177,181,182,-1,177,182,178,-1,183,184,185,-1,185,184,186,-1,185,186,187,-1,187,186,188,-1,187,188,180,-1,180,188,189,-1,180,189,181,-1,190,191,183,-1,183,191,192,-1,183,192,184,-1,193,194,195,-1,195,194,196,-1,195,196,197,-1,197,196,198,-1,197,198,190,-1,190,198,199,-1,190,199,191,-1,200,201,193,-1,193,201,202,-1,193,202,194,-1,203,204,205,-1,205,204,206,-1,205,206,200,-1,200,206,207,-1,200,207,201,-1,203,205,208,-1,208,205,209,-1,208,209,210,-1,210,209,211,-1,210,211,212,-1,212,211,213,-1,212,213,214,-1,214,213,215,-1,215,213,216,-1,215,216,217,-1,217,216,218,-1,218,216,219,-1,218,219,220,-1,220,219,221,-1,221,219,222,-1,221,222,223,-1,224,225,222,-1,222,225,226,-1,222,226,223,-1,150,227,151,-1,151,227,228,-1,151,228,224,-1,224,228,229,-1,224,229,225,-1,230,231,232,-1,230,232,233,-1,234,235,232,-1,232,235,236,-1,232,236,233,-1,237,238,232,-1,232,238,239,-1,232,239,234,-1,240,241,232,-1,232,241,242,-1,232,242,237,-1,243,244,232,-1,232,244,245,-1,232,245,240,-1,246,247,232,-1,232,247,248,-1,232,248,243,-1,249,250,232,-1,232,250,251,-1,232,251,246,-1,252,253,232,-1,232,253,254,-1,232,254,249,-1,255,256,232,-1,232,256,257,-1,232,257,252,-1,231,258,232,-1,232,258,259,-1,232,259,255,-1,199,198,260,-1,203,208,261,-1,210,212,262,-1,226,225,263,-1,229,228,264,-1,227,150,265,-1,160,159,266,-1,156,161,267,-1,172,174,268,-1,179,178,269,-1,233,236,270,-1,270,236,271,-1,270,271,272,-1,272,271,273,-1,272,273,274,-1,274,273,275,-1,274,275,276,-1,276,275,277,-1,276,277,278,-1,278,277,279,-1,237,242,280,-1,280,242,281,-1,280,281,282,-1,282,281,283,-1,282,283,284,-1,284,283,285,-1,284,285,286,-1,286,285,287,-1,286,287,288,-1,288,287,289,-1,243,248,290,-1,290,248,291,-1,290,291,292,-1,292,291,293,-1,292,293,294,-1,294,293,295,-1,294,295,296,-1,296,295,297,-1,296,297,298,-1,298,297,265,-1,250,249,299,-1,299,249,300,-1,299,300,301,-1,301,300,302,-1,301,302,303,-1,303,302,304,-1,303,304,305,-1,305,304,306,-1,305,306,307,-1,307,306,308,-1,256,255,309,-1,309,255,310,-1,309,310,311,-1,311,310,312,-1,311,312,313,-1,313,312,314,-1,313,314,315,-1,315,314,316,-1,315,316,317,-1,317,316,318,-1,230,233,319,-1,319,233,270,-1,319,270,320,-1,320,270,272,-1,320,272,321,-1,321,272,274,-1,321,274,322,-1,322,274,276,-1,322,276,323,-1,323,276,278,-1,323,278,192,-1,192,278,184,-1,182,181,324,-1,324,181,279,-1,324,279,325,-1,325,279,277,-1,325,277,326,-1,326,277,275,-1,326,275,327,-1,327,275,273,-1,327,273,328,-1,328,273,271,-1,328,271,235,-1,235,271,236,-1,181,189,279,-1,279,189,188,-1,279,188,278,-1,278,188,186,-1,278,186,184,-1,178,182,269,-1,269,182,324,-1,269,324,329,-1,329,324,325,-1,329,325,330,-1,330,325,326,-1,330,326,331,-1,331,326,327,-1,331,327,332,-1,332,327,328,-1,332,328,234,-1,234,328,235,-1,176,179,333,-1,333,179,269,-1,333,269,334,-1,334,269,329,-1,334,329,335,-1,335,329,330,-1,335,330,336,-1,336,330,331,-1,336,331,337,-1,337,331,332,-1,337,332,239,-1,239,332,234,-1,239,238,337,-1,337,238,338,-1,337,338,336,-1,336,338,339,-1,336,339,335,-1,335,339,340,-1,335,340,334,-1,334,340,341,-1,334,341,333,-1,333,341,268,-1,333,268,176,-1,176,268,174,-1,170,172,288,-1,288,172,268,-1,288,268,286,-1,286,268,341,-1,286,341,284,-1,284,341,340,-1,284,340,282,-1,282,340,339,-1,282,339,280,-1,280,339,338,-1,280,338,237,-1,237,338,238,-1,163,164,342,-1,342,164,289,-1,342,289,343,-1,343,289,287,-1,343,287,344,-1,344,287,285,-1,344,285,345,-1,345,285,283,-1,345,283,346,-1,346,283,281,-1,346,281,241,-1,241,281,242,-1,164,166,289,-1,289,166,167,-1,289,167,288,-1,288,167,169,-1,288,169,170,-1,161,163,267,-1,267,163,342,-1,267,342,347,-1,347,342,343,-1,347,343,348,-1,348,343,344,-1,348,344,349,-1,349,344,345,-1,349,345,350,-1,350,345,346,-1,350,346,240,-1,240,346,241,-1,157,156,351,-1,351,156,267,-1,351,267,352,-1,352,267,347,-1,352,347,353,-1,353,347,348,-1,353,348,354,-1,354,348,349,-1,354,349,355,-1,355,349,350,-1,355,350,245,-1,245,350,240,-1,245,244,355,-1,355,244,356,-1,355,356,354,-1,354,356,357,-1,354,357,353,-1,353,357,358,-1,353,358,352,-1,352,358,359,-1,352,359,351,-1,351,359,266,-1,351,266,157,-1,157,266,159,-1,154,160,298,-1,298,160,266,-1,298,266,296,-1,296,266,359,-1,296,359,294,-1,294,359,358,-1,294,358,292,-1,292,358,357,-1,292,357,290,-1,290,357,356,-1,290,356,243,-1,243,356,244,-1,265,150,298,-1,298,150,155,-1,298,155,154,-1,228,227,264,-1,264,227,265,-1,264,265,360,-1,360,265,297,-1,360,297,361,-1,361,297,295,-1,361,295,362,-1,362,295,293,-1,362,293,363,-1,363,293,291,-1,363,291,247,-1,247,291,248,-1,225,229,263,-1,263,229,264,-1,263,264,364,-1,364,264,360,-1,364,360,365,-1,365,360,361,-1,365,361,366,-1,366,361,362,-1,366,362,367,-1,367,362,363,-1,367,363,246,-1,246,363,247,-1,223,226,368,-1,368,226,263,-1,368,263,369,-1,369,263,364,-1,369,364,370,-1,370,364,365,-1,370,365,371,-1,371,365,366,-1,371,366,372,-1,372,366,367,-1,372,367,251,-1,251,367,246,-1,251,250,372,-1,372,250,299,-1,372,299,371,-1,371,299,301,-1,371,301,370,-1,370,301,303,-1,370,303,369,-1,369,303,305,-1,369,305,368,-1,368,305,307,-1,368,307,223,-1,223,307,221,-1,214,215,373,-1,373,215,308,-1,373,308,374,-1,374,308,306,-1,374,306,375,-1,375,306,304,-1,375,304,376,-1,376,304,302,-1,376,302,377,-1,377,302,300,-1,377,300,254,-1,254,300,249,-1,215,217,308,-1,308,217,218,-1,308,218,307,-1,307,218,220,-1,307,220,221,-1,212,214,262,-1,262,214,373,-1,262,373,378,-1,378,373,374,-1,378,374,379,-1,379,374,375,-1,379,375,380,-1,380,375,376,-1,380,376,381,-1,381,376,377,-1,381,377,253,-1,253,377,254,-1,208,210,261,-1,261,210,262,-1,261,262,382,-1,382,262,378,-1,382,378,383,-1,383,378,379,-1,383,379,384,-1,384,379,380,-1,384,380,385,-1,385,380,381,-1,385,381,252,-1,252,381,253,-1,204,203,386,-1,386,203,261,-1,386,261,387,-1,387,261,382,-1,387,382,388,-1,388,382,383,-1,388,383,389,-1,389,383,384,-1,389,384,390,-1,390,384,385,-1,390,385,257,-1,257,385,252,-1,257,256,390,-1,390,256,309,-1,390,309,389,-1,389,309,311,-1,389,311,388,-1,388,311,313,-1,388,313,387,-1,387,313,315,-1,387,315,386,-1,386,315,317,-1,386,317,204,-1,204,317,206,-1,196,194,391,-1,391,194,318,-1,391,318,392,-1,392,318,316,-1,392,316,393,-1,393,316,314,-1,393,314,394,-1,394,314,312,-1,394,312,395,-1,395,312,310,-1,395,310,259,-1,259,310,255,-1,194,202,318,-1,318,202,201,-1,318,201,317,-1,317,201,207,-1,317,207,206,-1,198,196,260,-1,260,196,391,-1,260,391,396,-1,396,391,392,-1,396,392,397,-1,397,392,393,-1,397,393,398,-1,398,393,394,-1,398,394,399,-1,399,394,395,-1,399,395,258,-1,258,395,259,-1,191,199,400,-1,400,199,260,-1,400,260,401,-1,401,260,396,-1,401,396,402,-1,402,396,397,-1,402,397,403,-1,403,397,398,-1,403,398,404,-1,404,398,399,-1,404,399,231,-1,231,399,258,-1,231,230,404,-1,404,230,319,-1,404,319,403,-1,403,319,320,-1,403,320,402,-1,402,320,321,-1,402,321,401,-1,401,321,322,-1,401,322,400,-1,400,322,323,-1,400,323,191,-1,191,323,192,-1,89,88,405,-1,93,98,406,-1,100,102,407,-1,116,115,408,-1,119,118,409,-1,117,40,410,-1,50,49,411,-1,46,51,412,-1,62,64,413,-1,69,68,414,-1,123,126,415,-1,415,126,416,-1,415,416,417,-1,417,416,418,-1,417,418,419,-1,419,418,420,-1,419,420,421,-1,421,420,422,-1,421,422,423,-1,423,422,424,-1,127,132,425,-1,425,132,426,-1,425,426,427,-1,427,426,428,-1,427,428,429,-1,429,428,430,-1,429,430,431,-1,431,430,432,-1,431,432,433,-1,433,432,434,-1,133,138,435,-1,435,138,436,-1,435,436,437,-1,437,436,438,-1,437,438,439,-1,439,438,440,-1,439,440,441,-1,441,440,442,-1,441,442,443,-1,443,442,410,-1,140,139,444,-1,444,139,445,-1,444,445,446,-1,446,445,447,-1,446,447,448,-1,448,447,449,-1,448,449,450,-1,450,449,451,-1,450,451,452,-1,452,451,453,-1,146,145,454,-1,454,145,455,-1,454,455,456,-1,456,455,457,-1,456,457,458,-1,458,457,459,-1,458,459,460,-1,460,459,461,-1,460,461,462,-1,462,461,463,-1,120,123,464,-1,464,123,415,-1,464,415,465,-1,465,415,417,-1,465,417,466,-1,466,417,419,-1,466,419,467,-1,467,419,421,-1,467,421,468,-1,468,421,423,-1,468,423,82,-1,82,423,74,-1,72,71,469,-1,469,71,424,-1,469,424,470,-1,470,424,422,-1,470,422,471,-1,471,422,420,-1,471,420,472,-1,472,420,418,-1,472,418,473,-1,473,418,416,-1,473,416,125,-1,125,416,126,-1,71,79,424,-1,424,79,78,-1,424,78,423,-1,423,78,76,-1,423,76,74,-1,68,72,414,-1,414,72,469,-1,414,469,474,-1,474,469,470,-1,474,470,475,-1,475,470,471,-1,475,471,476,-1,476,471,472,-1,476,472,477,-1,477,472,473,-1,477,473,124,-1,124,473,125,-1,66,69,478,-1,478,69,414,-1,478,414,479,-1,479,414,474,-1,479,474,480,-1,480,474,475,-1,480,475,481,-1,481,475,476,-1,481,476,482,-1,482,476,477,-1,482,477,129,-1,129,477,124,-1,129,128,482,-1,482,128,483,-1,482,483,481,-1,481,483,484,-1,481,484,480,-1,480,484,485,-1,480,485,479,-1,479,485,486,-1,479,486,478,-1,478,486,413,-1,478,413,66,-1,66,413,64,-1,60,62,433,-1,433,62,413,-1,433,413,431,-1,431,413,486,-1,431,486,429,-1,429,486,485,-1,429,485,427,-1,427,485,484,-1,427,484,425,-1,425,484,483,-1,425,483,127,-1,127,483,128,-1,53,54,487,-1,487,54,434,-1,487,434,488,-1,488,434,432,-1,488,432,489,-1,489,432,430,-1,489,430,490,-1,490,430,428,-1,490,428,491,-1,491,428,426,-1,491,426,131,-1,131,426,132,-1,54,56,434,-1,434,56,57,-1,434,57,433,-1,433,57,59,-1,433,59,60,-1,51,53,412,-1,412,53,487,-1,412,487,492,-1,492,487,488,-1,492,488,493,-1,493,488,489,-1,493,489,494,-1,494,489,490,-1,494,490,495,-1,495,490,491,-1,495,491,130,-1,130,491,131,-1,47,46,496,-1,496,46,412,-1,496,412,497,-1,497,412,492,-1,497,492,498,-1,498,492,493,-1,498,493,499,-1,499,493,494,-1,499,494,500,-1,500,494,495,-1,500,495,135,-1,135,495,130,-1,135,134,500,-1,500,134,501,-1,500,501,499,-1,499,501,502,-1,499,502,498,-1,498,502,503,-1,498,503,497,-1,497,503,504,-1,497,504,496,-1,496,504,411,-1,496,411,47,-1,47,411,49,-1,44,50,443,-1,443,50,411,-1,443,411,441,-1,441,411,504,-1,441,504,439,-1,439,504,503,-1,439,503,437,-1,437,503,502,-1,437,502,435,-1,435,502,501,-1,435,501,133,-1,133,501,134,-1,410,40,443,-1,443,40,45,-1,443,45,44,-1,118,117,409,-1,409,117,410,-1,409,410,505,-1,505,410,442,-1,505,442,506,-1,506,442,440,-1,506,440,507,-1,507,440,438,-1,507,438,508,-1,508,438,436,-1,508,436,137,-1,137,436,138,-1,115,119,408,-1,408,119,409,-1,408,409,509,-1,509,409,505,-1,509,505,510,-1,510,505,506,-1,510,506,511,-1,511,506,507,-1,511,507,512,-1,512,507,508,-1,512,508,136,-1,136,508,137,-1,113,116,513,-1,513,116,408,-1,513,408,514,-1,514,408,509,-1,514,509,515,-1,515,509,510,-1,515,510,516,-1,516,510,511,-1,516,511,517,-1,517,511,512,-1,517,512,141,-1,141,512,136,-1,141,140,517,-1,517,140,444,-1,517,444,516,-1,516,444,446,-1,516,446,515,-1,515,446,448,-1,515,448,514,-1,514,448,450,-1,514,450,513,-1,513,450,452,-1,513,452,113,-1,113,452,111,-1,104,105,518,-1,518,105,453,-1,518,453,519,-1,519,453,451,-1,519,451,520,-1,520,451,449,-1,520,449,521,-1,521,449,447,-1,521,447,522,-1,522,447,445,-1,522,445,144,-1,144,445,139,-1,105,107,453,-1,453,107,108,-1,453,108,452,-1,452,108,110,-1,452,110,111,-1,102,104,407,-1,407,104,518,-1,407,518,523,-1,523,518,519,-1,523,519,524,-1,524,519,520,-1,524,520,525,-1,525,520,521,-1,525,521,526,-1,526,521,522,-1,526,522,143,-1,143,522,144,-1,98,100,406,-1,406,100,407,-1,406,407,527,-1,527,407,523,-1,527,523,528,-1,528,523,524,-1,528,524,529,-1,529,524,525,-1,529,525,530,-1,530,525,526,-1,530,526,142,-1,142,526,143,-1,94,93,531,-1,531,93,406,-1,531,406,532,-1,532,406,527,-1,532,527,533,-1,533,527,528,-1,533,528,534,-1,534,528,529,-1,534,529,535,-1,535,529,530,-1,535,530,147,-1,147,530,142,-1,147,146,535,-1,535,146,454,-1,535,454,534,-1,534,454,456,-1,534,456,533,-1,533,456,458,-1,533,458,532,-1,532,458,460,-1,532,460,531,-1,531,460,462,-1,531,462,94,-1,94,462,96,-1,86,84,536,-1,536,84,463,-1,536,463,537,-1,537,463,461,-1,537,461,538,-1,538,461,459,-1,538,459,539,-1,539,459,457,-1,539,457,540,-1,540,457,455,-1,540,455,149,-1,149,455,145,-1,84,92,463,-1,463,92,91,-1,463,91,462,-1,462,91,97,-1,462,97,96,-1,88,86,405,-1,405,86,536,-1,405,536,541,-1,541,536,537,-1,541,537,542,-1,542,537,538,-1,542,538,543,-1,543,538,539,-1,543,539,544,-1,544,539,540,-1,544,540,148,-1,148,540,149,-1,81,89,545,-1,545,89,405,-1,545,405,546,-1,546,405,541,-1,546,541,547,-1,547,541,542,-1,547,542,548,-1,548,542,543,-1,548,543,549,-1,549,543,544,-1,549,544,121,-1,121,544,148,-1,121,120,549,-1,549,120,464,-1,549,464,548,-1,548,464,465,-1,548,465,547,-1,547,465,466,-1,547,466,546,-1,546,466,467,-1,546,467,545,-1,545,467,468,-1,545,468,81,-1,81,468,82,-1,
        ]
    }
}
Shape{
    appearance Appearance {
        material  Material 	{
            diffuseColor 0.5019607843137255 0.25098039215686274 0.0
            specularColor 0.44313725490196076 0.2196078431372549 0.0
            ambientIntensity 0.2
            transparency 0
            shininess 0.5
        }
    }
    geometry IndexedFaceSet {
        ccw TRUE
        solid FALSE
        coord DEF co Coordinate {
            point [
                1.2205 1.6929 1.6929, 1.2205 1.6929 1.5748, 1.2205 1.7717 1.6929, 1.2205 1.7717 1.5748, 1.2205 1.7717 1.5748
            ]
        }
        coordIndex [
            0,1,2,-1,2,1,3,-1,
        ]
    }
}
Shape{
    appearance Appearance {
        material  Material 	{
            diffuseColor 0.5019607843137255 0.5019607843137255 0.5019607843137255
            specularColor 0.25098039215686274 0.25098039215686274 0.25098039215686274
            ambientIntensity 0.2
            transparency 0
            shininess 0.5
        }
    }
    geometry IndexedFaceSet {
        ccw TRUE
        solid FALSE
        coord DEF co Coordinate {
            point [
                0.2362 1.6929 0.2756, 0.5906 1.6929 0.2756, 0.2362 1.7717 0.2756, 0.5906 1.7717 0.2756, 0.5906 1.7717 0.2756
            ]
        }
        coordIndex [
            0,1,2,-1,2,1,3,-1,
        ]
    }
}
Shape{
    appearance Appearance {
        material  Material 	{
            diffuseColor 1.0 1.0 1.0
            specularColor 0.5019607843137255 0.5019607843137255 0.5019607843137255
            ambientIntensity 0.2
            transparency 0
            shininess 0.5
        }
    }
    geometry IndexedFaceSet {
        ccw TRUE
        solid FALSE
        coord DEF co Coordinate {
            point [
                -0.8465 1.1811 -0.0039, -0.8465 1.1811 0.0, -0.9252 1.1811 0.0, -0.9252 1.1811 0.0748, -1.3976 1.1811 0.0748, -1.3976 1.1811 -0.0039, -0.8465 1.7717 0.0, -0.8465 1.7717 -0.0039, 0.9109 1.6929 1.5748, 0.9109 1.6929 1.4649, 0.9109 1.7717 1.5748, 0.9109 1.7717 1.4649, 1.0369 1.6929 1.339, 1.0369 1.7717 1.339, 1.0369 1.6929 0.5866, 1.0369 1.7717 0.5866, 0.9581 1.6929 0.5866, 0.9581 1.7717 0.5866, 0.9581 1.6929 1.3063, 0.9581 1.7717 1.3063, 0.8322 1.6929 1.4323, 0.8322 1.7717 1.4323, 0.8322 1.6929 1.5748, 0.8322 1.7717 1.5748, -1.437 1.3239 -0.0039, -1.437 1.2205 -0.0039, -1.437 1.3239 0.0748, -1.437 1.2205 0.0748, -1.3264 1.5179 -0.0039, -1.3395 1.543 -0.0039, -1.3581 1.5642 -0.0039, -1.3976 1.7717 -0.0039, -1.3812 1.5805 -0.0039, -1.4075 1.5907 -0.0039, -1.3581 1.3885 -0.0039, -1.3395 1.4098 -0.0039, -1.3812 1.3723 -0.0039, -1.4075 1.362 -0.0039, -1.3264 1.4348 -0.0039, -1.3197 1.4623 -0.0039, -1.3197 1.4905 -0.0039, -1.4156 1.5938 -0.0039, -1.4228 1.5985 -0.0039, -1.4288 1.6047 -0.0039, -1.4333 1.6121 -0.0039, -1.4361 1.6203 -0.0039, -1.437 1.6289 -0.0039, -1.437 1.7323 -0.0039, -1.4078 1.7703 -0.0039, -1.4357 1.7425 -0.0039, -1.4173 1.1864 -0.0039, -1.4255 1.1926 -0.0039, -1.4317 1.2008 -0.0039, -1.4228 1.3542 -0.0039, -1.4288 1.348 -0.0039, -1.4361 1.3325 -0.0039, -1.4333 1.3406 -0.0039, -1.4317 1.752 -0.0039, -1.4255 1.7601 -0.0039, -1.4173 1.7664 -0.0039, -1.4156 1.359 -0.0039, -1.4357 1.2103 -0.0039, -1.4078 1.1824 -0.0039, -1.4357 1.7425 0.0748, -1.437 1.7323 0.0748, -1.4078 1.7703 0.0748, -1.3976 1.7717 0.0748, -1.4075 1.5907 0.0748, -1.3812 1.5805 0.0748, -0.9252 1.7717 0.0748, -1.3581 1.5642 0.0748, -1.3395 1.543 0.0748, -1.3264 1.5179 0.0748, -1.3197 1.4905 0.0748, -1.3197 1.4623 0.0748, -1.3264 1.4348 0.0748, -1.3395 1.4098 0.0748, -1.3581 1.3885 0.0748, -1.3812 1.3723 0.0748, -1.4075 1.362 0.0748, -1.437 1.6289 0.0748, -1.4361 1.6203 0.0748, -1.4333 1.6121 0.0748, -1.4288 1.6047 0.0748, -1.4228 1.5985 0.0748, -1.4156 1.5938 0.0748, -1.4173 1.7664 0.0748, -1.4255 1.7601 0.0748, -1.4317 1.752 0.0748, -1.4357 1.2103 0.0748, -1.4317 1.2008 0.0748, -1.4156 1.359 0.0748, -1.4228 1.3542 0.0748, -1.4288 1.348 0.0748, -1.4333 1.3406 0.0748, -1.4361 1.3325 0.0748, -1.4255 1.1926 0.0748, -1.4173 1.1864 0.0748, -1.4078 1.1824 0.0748, -0.8465 -0.8858 -0.5642, -0.8465 -0.8384 -0.5838, -0.8465 -0.7874 -0.5906, -0.8465 -0.5906 0.0, -0.8465 -0.9843 0.0, -0.8465 -0.5906 -0.3937, -0.8465 -0.9843 -0.3937, -0.8465 -0.5973 -0.4446, -0.8465 -0.9775 -0.4446, -0.8465 -0.9579 -0.4921, -0.8465 -0.9266 -0.5329, -0.8465 -0.7365 -0.5838, -0.8465 -0.689 -0.5642, -0.8465 -0.6482 -0.5329, -0.8465 -0.6169 -0.4921, 1.3583 -0.9843 0.0, 1.3583 -0.5906 0.0, 1.3583 -0.9843 -0.3937, 1.3583 -0.5906 -0.3937, 1.3583 -0.5973 -0.4446, 1.3583 -0.6169 -0.4921, 1.3583 -0.6482 -0.5329, 1.3583 -0.689 -0.5642, 1.3583 -0.7365 -0.5838, 1.3583 -0.7874 -0.5906, 1.3583 -0.8384 -0.5838, 1.3583 -0.8858 -0.5642, 1.3583 -0.9266 -0.5329, 1.3583 -0.9775 -0.4446, 1.3583 -0.9579 -0.4921, -0.8465 -1.2598 0.1969, -0.9252 -1.2598 0.1969, -0.8465 -0.9843 0.1969, -0.9252 -0.9843 0.1969, -0.9252 -0.315 0.1969, -0.8465 -0.315 0.1969, -0.9252 -0.5906 0.1969, -0.8465 -0.5906 0.1969, 1.3583 -0.5906 0.1969, 1.3583 -0.315 0.1969, 1.437 -0.5906 0.1969, 1.437 -0.315 0.1969, -0.9252 -0.9843 -0.3937, -0.9252 -0.5906 -0.3937, -0.9252 -0.5425 0.6746, -0.9252 -1.0323 0.6746, -0.9252 -1.0323 1.0711, -0.9252 -1.2598 1.6535, -0.9252 -0.5425 1.0711, -0.9252 -0.315 1.6535, -0.9252 -0.9266 -0.5329, -0.9252 -0.7874 -0.5906, -0.9252 -0.8858 -0.5642, -0.9252 -0.8384 -0.5838, -0.9252 -0.5973 -0.4446, -0.9252 -0.6169 -0.4921, -0.9252 -0.6482 -0.5329, -0.9252 -0.689 -0.5642, -0.9252 -0.7365 -0.5838, -0.9252 -0.9579 -0.4921, -0.9252 -0.9775 -0.4446, 1.437 -0.5425 0.6746, 1.437 -0.5425 1.0711, 1.437 -0.315 1.6535, 1.437 -1.0323 1.0711, 1.437 -1.2598 1.6535, 1.437 -1.0323 0.6746, 1.437 -1.2598 0.1969, 1.437 -0.9843 0.1969, 1.437 -0.5906 -0.3937, 1.437 -0.9843 -0.3937, 1.437 -0.5973 -0.4446, 1.437 -0.689 -0.5642, 1.437 -0.6482 -0.5329, 1.437 -0.6169 -0.4921, 1.437 -0.9775 -0.4446, 1.437 -0.9579 -0.4921, 1.437 -0.9266 -0.5329, 1.437 -0.8858 -0.5642, 1.437 -0.8384 -0.5838, 1.437 -0.7874 -0.5906, 1.437 -0.7365 -0.5838, 1.4303 -0.315 1.7045, 1.4303 -1.2598 1.7045, 1.4106 -0.315 1.752, 1.4106 -1.2598 1.752, 1.3794 -0.315 1.7927, 1.3794 -1.2598 1.7927, 1.3386 -0.315 1.824, 1.3386 -1.2598 1.824, 1.2911 -0.315 1.8437, 1.2911 -1.2598 1.8437, 1.2402 -0.315 1.8504, 1.2402 -1.2598 1.8504, 1.0272 -0.8492 1.8504, 1.0096 -0.8721 1.8504, 0.9868 -0.8896 1.8504, -0.4483 -0.9007 1.8504, -0.475 -0.8896 1.8504, -0.7283 -1.2598 1.8504, -0.4978 -0.8721 1.8504, -0.5153 -0.8492 1.8504, 0.9602 -0.6875 1.8504, 0.9868 -0.6985 1.8504, 1.0096 -0.7161 1.8504, 1.0272 -0.7389 1.8504, 1.0382 -0.7655 1.8504, 1.0419 -0.7941 1.8504, 1.0382 -0.8226 1.8504, -0.5264 -0.7655 1.8504, -0.7283 -0.315 1.8504, -0.5301 -0.7941 1.8504, -0.5264 -0.8226 1.8504, -0.5153 -0.7389 1.8504, -0.4978 -0.7161 1.8504, -0.475 -0.6985 1.8504, 0.9602 -0.9007 1.8504, 0.9316 -0.9044 1.8504, -0.4198 -0.9044 1.8504, -0.4483 -0.6875 1.8504, -0.4198 -0.6837 1.8504, 0.9316 -0.6837 1.8504, -0.7793 -0.315 1.8437, -0.7793 -1.2598 1.8437, -0.8268 -0.315 1.824, -0.8268 -1.2598 1.824, -0.8675 -0.315 1.7927, -0.8675 -1.2598 1.7927, -0.8988 -0.315 1.752, -0.8988 -1.2598 1.752, -0.9185 -0.315 1.7045, -0.9185 -1.2598 1.7045, 1.3583 -1.2598 0.1969, 1.3583 -1.2598 1.6535, 1.3542 -1.2598 1.6841, 1.3424 -1.2598 1.7126, 1.3237 -1.2598 1.7371, 1.2992 -1.2598 1.7558, 1.2707 -1.2598 1.7676, 1.2402 -1.2598 1.7717, -0.7283 -1.2598 1.7717, -0.7589 -1.2598 1.7676, -0.7874 -1.2598 1.7558, -0.8119 -1.2598 1.7371, -0.8306 -1.2598 1.7126, -0.8424 -1.2598 1.6841, -0.8465 -1.2598 1.6535, -0.8465 -0.315 1.6535, -0.8424 -0.315 1.6841, -0.8306 -0.315 1.7126, -0.8119 -0.315 1.7371, -0.7874 -0.315 1.7558, -0.7589 -0.315 1.7676, -0.7283 -0.315 1.7717, 1.2402 -0.315 1.7717, 1.2707 -0.315 1.7676, 1.2992 -0.315 1.7558, 1.3237 -0.315 1.7371, 1.3424 -0.315 1.7126, 1.3542 -0.315 1.6841, 1.3583 -0.315 1.6535, 1.3583 -0.9843 0.1969, 1.3583 -0.5425 0.6746, 1.3583 -0.5425 1.0711, 1.3583 -1.0323 1.0711, 1.3583 -1.0323 0.6746, -0.8465 -0.5425 0.6746, -0.8465 -1.0323 0.6746, -0.8465 -1.0323 1.0711, -0.8465 -0.5425 1.0711, 0.9316 -0.7034 1.8307, -0.4198 -0.7034 1.8307, -0.4198 -0.8847 1.8307, -0.4432 -0.7065 1.8307, -0.4651 -0.7156 1.8307, 0.9316 -0.8847 1.8307, 0.9551 -0.8816 1.8307, 0.9769 -0.8726 1.8307, -0.4839 -0.73 1.8307, -0.4983 -0.7487 1.8307, -0.5073 -0.7706 1.8307, -0.5104 -0.7941 1.8307, -0.5073 -0.8175 1.8307, -0.4983 -0.8394 1.8307, -0.4839 -0.8582 1.8307, -0.4651 -0.8726 1.8307, -0.4432 -0.8816 1.8307, 0.9957 -0.8582 1.8307, 1.0101 -0.8394 1.8307, 0.9551 -0.7065 1.8307, 1.0192 -0.8175 1.8307, 1.0222 -0.7941 1.8307, 0.9957 -0.73 1.8307, 1.0192 -0.7706 1.8307, 1.0101 -0.7487 1.8307, 0.9769 -0.7156 1.8307, -0.4198 -0.9037 1.8453, 0.9316 -0.9037 1.8453, -0.4198 -0.9018 1.8406, 0.9316 -0.9018 1.8406, -0.4198 -0.8986 1.8365, 0.9316 -0.8986 1.8365, -0.4198 -0.8946 1.8333, 0.9316 -0.8946 1.8333, -0.4198 -0.8898 1.8314, 0.9316 -0.8898 1.8314, 0.9564 -0.8866 1.8314, 0.9795 -0.877 1.8314, 0.9993 -0.8618 1.8314, 1.0145 -0.8419 1.8314, 1.0241 -0.8189 1.8314, 1.0273 -0.7941 1.8314, 1.0241 -0.7693 1.8314, 1.0145 -0.7462 1.8314, 0.9993 -0.7264 1.8314, 0.9795 -0.7112 1.8314, 0.9564 -0.7016 1.8314, 0.9316 -0.6983 1.8314, 0.9576 -0.8911 1.8333, 0.9818 -0.8811 1.8333, 1.0027 -0.8651 1.8333, 1.0186 -0.8443 1.8333, 1.0287 -0.8201 1.8333, 1.0321 -0.7941 1.8333, 1.0287 -0.7681 1.8333, 1.0186 -0.7438 1.8333, 1.0027 -0.723 1.8333, 0.9818 -0.707 1.8333, 0.9576 -0.697 1.8333, 0.9316 -0.6936 1.8333, 0.9587 -0.8951 1.8365, 0.9839 -0.8846 1.8365, 1.0055 -0.868 1.8365, 1.0222 -0.8464 1.8365, 1.0326 -0.8211 1.8365, 1.0362 -0.7941 1.8365, 1.0326 -0.767 1.8365, 1.0222 -0.7418 1.8365, 1.0055 -0.7201 1.8365, 0.9839 -0.7035 1.8365, 0.9587 -0.6931 1.8365, 0.9316 -0.6895 1.8365, 0.9595 -0.8981 1.8406, 0.9854 -0.8873 1.8406, 1.0078 -0.8702 1.8406, 1.0249 -0.8479 1.8406, 1.0356 -0.822 1.8406, 1.0393 -0.7941 1.8406, 1.0356 -0.7662 1.8406, 1.0249 -0.7402 1.8406, 1.0078 -0.7179 1.8406, 0.9854 -0.7008 1.8406, 0.9595 -0.69 1.8406, 0.9316 -0.6864 1.8406, 0.96 -0.9 1.8453, 0.9864 -0.889 1.8453, 1.0091 -0.8716 1.8453, 1.0266 -0.8489 1.8453, 1.0375 -0.8225 1.8453, 1.0413 -0.7941 1.8453, 1.0375 -0.7657 1.8453, 1.0266 -0.7392 1.8453, 1.0091 -0.7165 1.8453, 0.9864 -0.6991 1.8453, 0.96 -0.6881 1.8453, 0.9316 -0.6844 1.8453, -0.4198 -0.6983 1.8314, -0.4446 -0.7016 1.8314, -0.4677 -0.7112 1.8314, -0.4875 -0.7264 1.8314, -0.5027 -0.7462 1.8314, -0.5123 -0.7693 1.8314, -0.5155 -0.7941 1.8314, -0.5123 -0.8189 1.8314, -0.5027 -0.8419 1.8314, -0.4875 -0.8618 1.8314, -0.4677 -0.877 1.8314, -0.4446 -0.8866 1.8314, -0.4198 -0.6936 1.8333, -0.4458 -0.697 1.8333, -0.47 -0.707 1.8333, -0.4908 -0.723 1.8333, -0.5068 -0.7438 1.8333, -0.5169 -0.7681 1.8333, -0.5203 -0.7941 1.8333, -0.5169 -0.8201 1.8333, -0.5068 -0.8443 1.8333, -0.4908 -0.8651 1.8333, -0.47 -0.8811 1.8333, -0.4458 -0.8911 1.8333, -0.4198 -0.6895 1.8365, -0.4469 -0.6931 1.8365, -0.4721 -0.7035 1.8365, -0.4937 -0.7201 1.8365, -0.5103 -0.7418 1.8365, -0.5208 -0.767 1.8365, -0.5244 -0.7941 1.8365, -0.5208 -0.8211 1.8365, -0.5103 -0.8464 1.8365, -0.4937 -0.868 1.8365, -0.4721 -0.8846 1.8365, -0.4469 -0.8951 1.8365, -0.4198 -0.6864 1.8406, -0.4477 -0.69 1.8406, -0.4736 -0.7008 1.8406, -0.4959 -0.7179 1.8406, -0.5131 -0.7402 1.8406, -0.5238 -0.7662 1.8406, -0.5275 -0.7941 1.8406, -0.5238 -0.822 1.8406, -0.5131 -0.8479 1.8406, -0.4959 -0.8702 1.8406, -0.4736 -0.8873 1.8406, -0.4477 -0.8981 1.8406, -0.4198 -0.6844 1.8453, -0.4482 -0.6881 1.8453, -0.4746 -0.6991 1.8453, -0.4973 -0.7165 1.8453, -0.5148 -0.7392 1.8453, -0.5257 -0.7657 1.8453, -0.5295 -0.7941 1.8453, -0.5257 -0.8225 1.8453, -0.5148 -0.8489 1.8453, -0.4973 -0.8716 1.8453, -0.4746 -0.889 1.8453, -0.4482 -0.9 1.8453, -0.4482 -0.9 1.8453
            ]
        }
        coordIndex [
            0,1,2,-1,3,4,2,-1,2,4,5,-1,2,5,0,-1,1,0,6,-1,6,0,7,-1,8,9,10,-1,10,9,11,-1,12,13,9,-1,9,13,11,-1,14,15,12,-1,12,15,13,-1,16,17,14,-1,14,17,15,-1,18,19,16,-1,16,19,17,-1,20,21,18,-1,18,21,19,-1,22,23,20,-1,20,23,21,-1,24,25,26,-1,26,25,27,-1,28,29,7,-1,7,29,30,-1,7,30,31,-1,31,30,32,-1,31,32,33,-1,0,34,35,-1,34,0,36,-1,36,0,5,-1,36,5,37,-1,35,38,0,-1,0,38,39,-1,0,39,7,-1,7,39,40,-1,7,40,28,-1,41,42,33,-1,33,42,43,-1,33,43,44,-1,44,45,33,-1,33,45,46,-1,33,46,31,-1,31,46,47,-1,31,47,48,-1,48,47,49,-1,50,51,52,-1,53,24,54,-1,54,24,55,-1,54,55,56,-1,49,57,48,-1,48,57,58,-1,48,58,59,-1,53,60,24,-1,24,60,37,-1,24,37,25,-1,25,37,5,-1,25,5,61,-1,61,5,52,-1,52,5,62,-1,52,62,50,-1,63,64,65,-1,65,64,66,-1,64,67,66,-1,66,67,68,-1,66,68,69,-1,69,68,70,-1,69,70,71,-1,71,72,69,-1,69,72,73,-1,69,73,3,-1,3,73,74,-1,3,74,75,-1,75,76,3,-1,3,76,77,-1,3,77,4,-1,4,77,78,-1,4,78,79,-1,64,80,67,-1,67,80,81,-1,67,81,82,-1,82,83,67,-1,67,83,84,-1,67,84,85,-1,86,87,65,-1,65,87,88,-1,65,88,63,-1,89,90,4,-1,91,92,79,-1,79,92,93,-1,79,93,94,-1,94,95,79,-1,79,95,26,-1,79,26,4,-1,4,26,27,-1,4,27,89,-1,90,96,4,-1,4,96,97,-1,4,97,98,-1,47,46,64,-1,64,46,80,-1,37,79,36,-1,36,79,78,-1,36,78,34,-1,34,78,77,-1,34,77,35,-1,35,77,76,-1,35,76,38,-1,38,76,75,-1,38,75,39,-1,39,75,74,-1,39,74,40,-1,40,74,73,-1,40,73,28,-1,28,73,72,-1,28,72,29,-1,29,72,71,-1,29,71,30,-1,30,71,70,-1,30,70,32,-1,32,70,68,-1,32,68,33,-1,33,68,67,-1,66,31,48,-1,66,48,65,-1,65,48,59,-1,65,59,86,-1,86,59,58,-1,86,58,87,-1,87,58,57,-1,87,57,88,-1,88,57,49,-1,88,49,63,-1,63,49,47,-1,63,47,64,-1,33,67,85,-1,33,85,41,-1,41,85,84,-1,41,84,42,-1,42,84,83,-1,42,83,43,-1,43,83,82,-1,43,82,44,-1,44,82,81,-1,44,81,45,-1,45,81,80,-1,45,80,46,-1,24,26,95,-1,24,95,55,-1,55,95,94,-1,55,94,56,-1,56,94,93,-1,56,93,54,-1,54,93,92,-1,54,92,53,-1,53,92,91,-1,53,91,60,-1,60,91,79,-1,60,79,37,-1,5,4,98,-1,5,98,62,-1,62,98,97,-1,62,97,50,-1,50,97,96,-1,50,96,51,-1,51,96,90,-1,51,90,52,-1,52,90,89,-1,52,89,61,-1,61,89,27,-1,61,27,25,-1,99,100,101,-1,102,103,104,-1,104,103,105,-1,104,105,106,-1,107,108,101,-1,101,108,109,-1,101,109,99,-1,107,101,105,-1,105,101,110,-1,105,110,111,-1,111,112,105,-1,105,112,113,-1,105,113,106,-1,114,115,116,-1,116,115,117,-1,116,117,118,-1,118,119,116,-1,116,119,120,-1,116,120,121,-1,121,122,116,-1,116,122,123,-1,116,123,124,-1,124,125,116,-1,116,125,126,-1,116,126,127,-1,127,126,128,-1,129,130,131,-1,131,130,132,-1,133,134,135,-1,135,134,136,-1,137,138,139,-1,139,138,140,-1,132,135,141,-1,141,135,142,-1,133,135,143,-1,143,135,132,-1,143,132,144,-1,144,132,130,-1,144,130,145,-1,145,130,146,-1,145,146,147,-1,147,146,148,-1,147,148,143,-1,143,148,133,-1,149,150,151,-1,151,150,152,-1,142,153,141,-1,141,153,154,-1,141,154,155,-1,155,156,141,-1,141,156,157,-1,141,157,150,-1,149,158,150,-1,150,158,159,-1,150,159,141,-1,139,140,160,-1,160,140,161,-1,161,140,162,-1,161,162,163,-1,163,162,164,-1,163,164,165,-1,165,164,166,-1,165,166,167,-1,160,165,139,-1,139,165,167,-1,139,167,168,-1,168,167,169,-1,168,169,170,-1,171,172,169,-1,169,172,173,-1,169,173,170,-1,174,175,176,-1,174,176,169,-1,169,176,177,-1,169,177,178,-1,178,179,169,-1,169,179,180,-1,169,180,171,-1,164,162,181,-1,164,181,182,-1,182,181,183,-1,182,183,184,-1,184,183,185,-1,184,185,186,-1,186,185,187,-1,186,187,188,-1,188,187,189,-1,188,189,190,-1,190,189,191,-1,190,191,192,-1,193,194,192,-1,192,194,195,-1,196,197,198,-1,198,197,199,-1,198,199,200,-1,201,202,191,-1,191,202,203,-1,191,203,204,-1,204,205,191,-1,191,205,206,-1,191,206,192,-1,192,206,207,-1,192,207,193,-1,208,209,210,-1,210,209,198,-1,210,198,211,-1,211,198,200,-1,208,212,209,-1,209,212,213,-1,209,213,214,-1,195,215,192,-1,192,215,216,-1,192,216,198,-1,198,216,217,-1,198,217,196,-1,214,218,209,-1,209,218,219,-1,209,219,191,-1,191,219,220,-1,191,220,201,-1,198,209,221,-1,198,221,222,-1,222,221,223,-1,222,223,224,-1,224,223,225,-1,224,225,226,-1,226,225,227,-1,226,227,228,-1,228,227,229,-1,228,229,230,-1,230,229,148,-1,230,148,146,-1,231,166,232,-1,232,166,164,-1,232,164,233,-1,233,164,182,-1,233,182,234,-1,234,182,184,-1,234,184,235,-1,235,184,186,-1,235,186,236,-1,236,186,188,-1,236,188,237,-1,237,188,190,-1,237,190,238,-1,238,190,192,-1,238,192,239,-1,239,192,198,-1,239,198,240,-1,240,198,222,-1,240,222,241,-1,241,222,224,-1,241,224,242,-1,242,224,226,-1,242,226,243,-1,243,226,228,-1,243,228,244,-1,244,228,230,-1,244,230,245,-1,245,230,146,-1,245,146,129,-1,129,146,130,-1,134,133,246,-1,246,133,148,-1,246,148,247,-1,247,148,229,-1,247,229,248,-1,248,229,227,-1,248,227,249,-1,249,227,225,-1,249,225,250,-1,250,225,223,-1,250,223,251,-1,251,223,221,-1,251,221,252,-1,252,221,209,-1,252,209,253,-1,253,209,191,-1,253,191,254,-1,254,191,189,-1,254,189,255,-1,255,189,187,-1,255,187,256,-1,256,187,185,-1,256,185,257,-1,257,185,183,-1,257,183,258,-1,258,183,181,-1,258,181,259,-1,259,181,162,-1,259,162,138,-1,138,162,140,-1,167,166,260,-1,260,166,231,-1,168,117,139,-1,139,117,115,-1,139,115,137,-1,116,169,114,-1,114,169,167,-1,114,167,260,-1,141,105,132,-1,132,105,103,-1,132,103,131,-1,104,142,102,-1,102,142,135,-1,102,135,136,-1,117,168,170,-1,117,170,118,-1,118,170,173,-1,118,173,119,-1,119,173,172,-1,119,172,120,-1,120,172,171,-1,120,171,121,-1,121,171,180,-1,121,180,122,-1,122,180,179,-1,122,179,123,-1,123,179,178,-1,123,178,124,-1,124,178,177,-1,124,177,125,-1,125,177,176,-1,125,176,126,-1,126,176,175,-1,126,175,128,-1,128,175,174,-1,128,174,127,-1,127,174,169,-1,127,169,116,-1,101,150,157,-1,101,157,110,-1,110,157,156,-1,110,156,111,-1,111,156,155,-1,111,155,112,-1,112,155,154,-1,112,154,113,-1,113,154,153,-1,113,153,106,-1,106,153,142,-1,106,142,104,-1,105,141,159,-1,105,159,107,-1,107,159,158,-1,107,158,108,-1,108,158,149,-1,108,149,109,-1,109,149,151,-1,109,151,99,-1,99,151,152,-1,99,152,100,-1,100,152,150,-1,100,150,101,-1,160,161,261,-1,261,161,262,-1,161,163,262,-1,262,163,263,-1,163,165,263,-1,263,165,264,-1,165,160,264,-1,264,160,261,-1,265,143,266,-1,266,143,144,-1,266,144,267,-1,267,144,145,-1,267,145,268,-1,268,145,147,-1,268,147,265,-1,265,147,143,-1,269,270,271,-1,271,270,272,-1,271,272,273,-1,271,274,269,-1,269,274,275,-1,269,275,276,-1,273,277,271,-1,271,277,278,-1,271,278,279,-1,279,280,271,-1,271,280,281,-1,271,281,282,-1,282,283,271,-1,271,283,284,-1,271,284,285,-1,276,286,269,-1,269,286,287,-1,269,287,288,-1,289,290,291,-1,291,290,292,-1,291,292,293,-1,289,291,287,-1,287,291,294,-1,287,294,288,-1,217,216,295,-1,295,216,296,-1,295,296,297,-1,297,296,298,-1,297,298,299,-1,299,298,300,-1,299,300,301,-1,301,300,302,-1,301,302,303,-1,303,302,304,-1,303,304,271,-1,271,304,274,-1,274,304,275,-1,275,304,305,-1,275,305,276,-1,276,305,306,-1,276,306,286,-1,286,306,307,-1,286,307,287,-1,287,307,308,-1,287,308,289,-1,289,308,309,-1,289,309,290,-1,290,309,310,-1,290,310,292,-1,292,310,311,-1,292,311,293,-1,293,311,312,-1,293,312,291,-1,291,312,313,-1,291,313,294,-1,294,313,314,-1,294,314,288,-1,288,314,315,-1,288,315,269,-1,269,315,316,-1,304,302,305,-1,305,302,317,-1,305,317,306,-1,306,317,318,-1,306,318,307,-1,307,318,319,-1,307,319,308,-1,308,319,320,-1,308,320,309,-1,309,320,321,-1,309,321,310,-1,310,321,322,-1,310,322,311,-1,311,322,323,-1,311,323,312,-1,312,323,324,-1,312,324,313,-1,313,324,325,-1,313,325,314,-1,314,325,326,-1,314,326,315,-1,315,326,327,-1,315,327,316,-1,316,327,328,-1,302,300,317,-1,317,300,329,-1,317,329,318,-1,318,329,330,-1,318,330,319,-1,319,330,331,-1,319,331,320,-1,320,331,332,-1,320,332,321,-1,321,332,333,-1,321,333,322,-1,322,333,334,-1,322,334,323,-1,323,334,335,-1,323,335,324,-1,324,335,336,-1,324,336,325,-1,325,336,337,-1,325,337,326,-1,326,337,338,-1,326,338,327,-1,327,338,339,-1,327,339,328,-1,328,339,340,-1,300,298,329,-1,329,298,341,-1,329,341,330,-1,330,341,342,-1,330,342,331,-1,331,342,343,-1,331,343,332,-1,332,343,344,-1,332,344,333,-1,333,344,345,-1,333,345,334,-1,334,345,346,-1,334,346,335,-1,335,346,347,-1,335,347,336,-1,336,347,348,-1,336,348,337,-1,337,348,349,-1,337,349,338,-1,338,349,350,-1,338,350,339,-1,339,350,351,-1,339,351,340,-1,340,351,352,-1,298,296,341,-1,341,296,353,-1,341,353,342,-1,342,353,354,-1,342,354,343,-1,343,354,355,-1,343,355,344,-1,344,355,356,-1,344,356,345,-1,345,356,357,-1,345,357,346,-1,346,357,358,-1,346,358,347,-1,347,358,359,-1,347,359,348,-1,348,359,360,-1,348,360,349,-1,349,360,361,-1,349,361,350,-1,350,361,362,-1,350,362,351,-1,351,362,363,-1,351,363,352,-1,352,363,364,-1,296,216,353,-1,353,216,215,-1,353,215,354,-1,354,215,195,-1,354,195,355,-1,355,195,194,-1,355,194,356,-1,356,194,193,-1,356,193,357,-1,357,193,207,-1,357,207,358,-1,358,207,206,-1,358,206,359,-1,359,206,205,-1,359,205,360,-1,360,205,204,-1,360,204,361,-1,361,204,203,-1,361,203,362,-1,362,203,202,-1,362,202,363,-1,363,202,201,-1,363,201,364,-1,364,201,220,-1,270,365,272,-1,272,365,366,-1,272,366,273,-1,273,366,367,-1,273,367,277,-1,277,367,368,-1,277,368,278,-1,278,368,369,-1,278,369,279,-1,279,369,370,-1,279,370,280,-1,280,370,371,-1,280,371,281,-1,281,371,372,-1,281,372,282,-1,282,372,373,-1,282,373,283,-1,283,373,374,-1,283,374,284,-1,284,374,375,-1,284,375,285,-1,285,375,376,-1,285,376,271,-1,271,376,303,-1,365,377,366,-1,366,377,378,-1,366,378,367,-1,367,378,379,-1,367,379,368,-1,368,379,380,-1,368,380,369,-1,369,380,381,-1,369,381,370,-1,370,381,382,-1,370,382,371,-1,371,382,383,-1,371,383,372,-1,372,383,384,-1,372,384,373,-1,373,384,385,-1,373,385,374,-1,374,385,386,-1,374,386,375,-1,375,386,387,-1,375,387,376,-1,376,387,388,-1,376,388,303,-1,303,388,301,-1,377,389,378,-1,378,389,390,-1,378,390,379,-1,379,390,391,-1,379,391,380,-1,380,391,392,-1,380,392,381,-1,381,392,393,-1,381,393,382,-1,382,393,394,-1,382,394,383,-1,383,394,395,-1,383,395,384,-1,384,395,396,-1,384,396,385,-1,385,396,397,-1,385,397,386,-1,386,397,398,-1,386,398,387,-1,387,398,399,-1,387,399,388,-1,388,399,400,-1,388,400,301,-1,301,400,299,-1,389,401,390,-1,390,401,402,-1,390,402,391,-1,391,402,403,-1,391,403,392,-1,392,403,404,-1,392,404,393,-1,393,404,405,-1,393,405,394,-1,394,405,406,-1,394,406,395,-1,395,406,407,-1,395,407,396,-1,396,407,408,-1,396,408,397,-1,397,408,409,-1,397,409,398,-1,398,409,410,-1,398,410,399,-1,399,410,411,-1,399,411,400,-1,400,411,412,-1,400,412,299,-1,299,412,297,-1,401,413,402,-1,402,413,414,-1,402,414,403,-1,403,414,415,-1,403,415,404,-1,404,415,416,-1,404,416,405,-1,405,416,417,-1,405,417,406,-1,406,417,418,-1,406,418,407,-1,407,418,419,-1,407,419,408,-1,408,419,420,-1,408,420,409,-1,409,420,421,-1,409,421,410,-1,410,421,422,-1,410,422,411,-1,411,422,423,-1,411,423,412,-1,412,423,424,-1,412,424,297,-1,297,424,295,-1,413,219,414,-1,414,219,218,-1,414,218,415,-1,415,218,214,-1,415,214,416,-1,416,214,213,-1,416,213,417,-1,417,213,212,-1,417,212,418,-1,418,212,208,-1,418,208,419,-1,419,208,210,-1,419,210,420,-1,420,210,211,-1,420,211,421,-1,421,211,200,-1,421,200,422,-1,422,200,199,-1,422,199,423,-1,423,199,197,-1,423,197,424,-1,424,197,196,-1,424,196,295,-1,295,196,217,-1,220,219,364,-1,364,219,413,-1,364,413,352,-1,352,413,401,-1,352,401,340,-1,340,401,389,-1,340,389,328,-1,328,389,377,-1,328,377,316,-1,316,377,365,-1,316,365,269,-1,269,365,270,-1,
        ]
    }
}
Shape{
    appearance Appearance {
        material  Material 	{
            diffuseColor 0.5019607843137255 0.5019607843137255 0.5019607843137255
            specularColor 0.25098039215686274 0.25098039215686274 0.25098039215686274
            ambientIntensity 0.2
            transparency 0
            shininess 0.5
        }
    }
    geometry IndexedFaceSet {
        ccw TRUE
        solid FALSE
        coord DEF co Coordinate {
            point [
                -0.8465 -1.0323 0.6746, -0.8465 -1.0323 1.0711, -0.8465 -0.5425 0.6746, -0.8465 -0.5425 1.0711, 1.3583 -0.5425 1.0711, 1.3583 -1.0323 1.0711, 1.3583 -0.5425 0.6746, 1.3583 -1.0323 0.6746, 1.3583 -1.0323 0.6746
            ]
        }
        coordIndex [
            0,1,2,-1,2,1,3,-1,4,5,6,-1,6,5,7,-1,
        ]
    }
}
Shape{
    appearance Appearance {
        material  Material 	{
            diffuseColor 0.0 0.0 0.0
            specularColor 0.0 0.0 0.0
            ambientIntensity 0.2
            transparency 0
            shininess 0.5
        }
    }
    geometry IndexedFaceSet {
        ccw TRUE
        solid FALSE
        coord DEF co Coordinate {
            point [
                -0.1052 0.0695 0.0004, -0.182 -0.1274 0.0004, -0.1052 0.0695 0.0, -0.182 -0.1274 0.0, -0.1532 -0.1274 0.0004, -0.1532 -0.1274 0.0, -0.1333 -0.0722 0.0004, -0.1333 -0.0722 0.0, -0.052 -0.0722 0.0004, -0.052 -0.0722 0.0, -0.0332 -0.1274 0.0004, -0.0332 -0.1274 0.0, -0.0044 -0.1274 0.0004, -0.0044 -0.1274 0.0, -0.0788 0.0695 0.0004, -0.0788 0.0695 0.0, -0.0586 -0.0505 0.0004, -0.1245 -0.0505 0.0004, -0.088 0.0317 0.0004, -0.0899 0.0385 0.0004, -0.0911 0.0455 0.0004, -0.0918 0.0455 0.0004, -0.0931 0.0385 0.0004, -0.0948 0.0317 0.0004, -0.0586 -0.0505 0.0, -0.1245 -0.0505 0.0, -0.088 0.0317 0.0, -0.0899 0.0385 0.0, -0.0911 0.0455 0.0, -0.0918 0.0455 0.0, -0.0931 0.0385 0.0, -0.0948 0.0317 0.0, 0.1149 -0.1274 0.0004, 0.1685 -0.1274 0.0004, 0.1149 -0.1274 0.0, 0.1685 -0.1274 0.0, 0.1685 0.0695 0.0004, 0.1685 0.0695 0.0, 0.1129 0.0695 0.0004, 0.1129 0.0695 0.0, 0.01 -0.0265 0.0004, 0.01 -0.0265 0.0, 0.0114 -0.0079 0.0, 0.0114 -0.0079 0.0004, 0.0167 0.0115 0.0, 0.0167 0.0115 0.0004, 0.0259 0.0284 0.0, 0.0259 0.0284 0.0004, 0.0398 0.0438 0.0, 0.0398 0.0438 0.0004, 0.04 0.044 0.0, 0.04 0.044 0.0004, 0.0614 0.0584 0.0, 0.0614 0.0584 0.0004, 0.0845 0.0664 0.0, 0.0845 0.0664 0.0004, 0.0906 -0.1252 0.0, 0.0906 -0.1252 0.0004, 0.0679 -0.1185 0.0, 0.0679 -0.1185 0.0004, 0.0473 -0.1065 0.0, 0.0473 -0.1065 0.0004, 0.0311 -0.091 0.0, 0.0311 -0.091 0.0004, 0.0198 -0.0734 0.0, 0.0198 -0.0734 0.0004, 0.0128 -0.0528 0.0, 0.0128 -0.0528 0.0004, 0.0495 0.0203 0.0004, 0.0591 0.0304 0.0004, 0.0735 0.0397 0.0004, 0.0897 0.0454 0.0004, 0.113 0.0479 0.0004, 0.142 0.0479 0.0004, 0.142 -0.1058 0.0004, 0.1141 -0.1058 0.0004, 0.0933 -0.1038 0.0004, 0.0768 -0.0987 0.0004, 0.0633 -0.0907 0.0004, 0.0523 -0.0798 0.0004, 0.044 -0.0662 0.0004, 0.0382 -0.0477 0.0004, 0.0364 -0.027 0.0004, 0.0381 -0.0074 0.0004, 0.0427 0.0081 0.0004, 0.113 0.0479 0.0, 0.142 0.0479 0.0, 0.0897 0.0454 0.0, 0.0735 0.0397 0.0, 0.0591 0.0304 0.0, 0.0495 0.0203 0.0, 0.0427 0.0081 0.0, 0.0381 -0.0074 0.0, 0.0364 -0.027 0.0, 0.0382 -0.0477 0.0, 0.044 -0.0662 0.0, 0.0523 -0.0798 0.0, 0.0633 -0.0907 0.0, 0.0768 -0.0987 0.0, 0.0933 -0.1038 0.0, 0.1141 -0.1058 0.0, 0.142 -0.1058 0.0, 0.2069 -0.1058 0.0004, 0.2069 -0.1274 0.0004, 0.2069 -0.1058 0.0, 0.2069 -0.1274 0.0, 0.294 -0.1274 0.0, 0.3125 -0.1274 0.0004, 0.3125 -0.1274 0.0, 0.3125 0.0695 0.0004, 0.3125 0.0695 0.0, 0.294 0.0695 0.0, 0.2117 0.0695 0.0004, 0.2117 0.0695 0.0, 0.2117 0.0479 0.0004, 0.2117 0.0479 0.0, 0.2861 0.0479 0.0004, 0.2861 0.0479 0.0, 0.2861 -0.0169 0.0004, 0.2861 -0.0169 0.0, 0.2165 -0.0169 0.0004, 0.2165 -0.0169 0.0, 0.2165 -0.0385 0.0004, 0.2165 -0.0385 0.0, 0.2861 -0.0385 0.0004, 0.2861 -0.0385 0.0, 0.2861 -0.1058 0.0004, 0.2861 -0.1058 0.0, 0.3509 -0.0956 0.0004, 0.3509 -0.1172 0.0004, 0.3509 -0.0956 0.0, 0.3509 -0.1172 0.0, 0.3719 -0.1258 0.0004, 0.4051 -0.1298 0.0004, 0.4051 -0.1298 0.0, 0.3997 -0.1297 0.0, 0.3997 -0.1297 0.0004, 0.3918 -0.1286 0.0, 0.3719 -0.1258 0.0, 0.4166 -0.1286 0.0, 0.4293 -0.1273 0.0004, 0.4293 -0.1273 0.0, 0.4484 -0.1207 0.0004, 0.4484 -0.1207 0.0, 0.4642 -0.1106 0.0004, 0.4642 -0.1106 0.0, 0.479 -0.095 0.0004, 0.479 -0.095 0.0, 0.4895 -0.0763 0.0004, 0.4895 -0.0763 0.0, 0.4954 -0.0555 0.0004, 0.4954 -0.0555 0.0, 0.4973 -0.0327 0.0004, 0.4973 -0.0327 0.0, 0.417 0.0703 0.0004, 0.3972 0.0719 0.0004, 0.4119 0.0707 0.0, 0.3972 0.0719 0.0, 0.417 0.0703 0.0, 0.4389 0.0639 0.0, 0.4389 0.0639 0.0004, 0.4576 0.0531 0.0, 0.4576 0.0531 0.0004, 0.4754 0.036 0.0, 0.4754 0.036 0.0004, 0.487 0.0176 0.0, 0.487 0.0176 0.0004, 0.4945 -0.0047 0.0, 0.4945 -0.0047 0.0004, 0.3798 0.0707 0.0, 0.3737 0.0703 0.0004, 0.3737 0.0703 0.0, 0.3509 0.0641 0.0004, 0.3509 0.0641 0.0, 0.3509 0.0377 0.0004, 0.3509 0.0377 0.0, 0.397 0.0503 0.0004, 0.397 0.0503 0.0, 0.3731 0.0472 0.0, 0.3731 0.0472 0.0004, 0.4709 -0.031 0.0004, 0.4709 -0.031 0.0, 0.47 -0.0157 0.0, 0.47 -0.0157 0.0004, 0.4647 0.0053 0.0, 0.4647 0.0053 0.0004, 0.4566 0.0205 0.0, 0.4566 0.0205 0.0004, 0.4447 0.0337 0.0, 0.4447 0.0337 0.0004, 0.4311 0.0428 0.0, 0.4311 0.0428 0.0004, 0.4164 0.0481 0.0, 0.4164 0.0481 0.0004, 0.4014 -0.1082 0.0004, 0.4014 -0.1082 0.0, 0.4198 -0.1061 0.0, 0.4198 -0.1061 0.0004, 0.4341 -0.1008 0.0, 0.4341 -0.1008 0.0004, 0.4462 -0.0927 0.0, 0.4462 -0.0927 0.0004, 0.4555 -0.0829 0.0, 0.4555 -0.0829 0.0004, 0.4636 -0.0693 0.0, 0.4636 -0.0693 0.0004, 0.4689 -0.0524 0.0, 0.4689 -0.0524 0.0004, 0.3544 -0.0975 0.0, 0.3544 -0.0975 0.0004, 0.3753 -0.1053 0.0, 0.3753 -0.1053 0.0004, 0.5141 -0.1058 0.0004, 0.5141 -0.1274 0.0004, 0.5141 -0.1058 0.0, 0.5141 -0.1274 0.0, 0.615 -0.1274 0.0004, 0.615 -0.1274 0.0, 0.615 0.0695 0.0004, 0.615 0.0695 0.0, 0.5886 0.0695 0.0004, 0.5886 0.0695 0.0, 0.5886 -0.1058 0.0004, 0.5886 -0.1058 0.0, 0.5886 -0.1058 0.0
            ]
        }
        coordIndex [
            0,1,2,-1,2,1,3,-1,1,4,3,-1,3,4,5,-1,4,6,5,-1,5,6,7,-1,6,8,7,-1,7,8,9,-1,8,10,9,-1,9,10,11,-1,10,12,11,-1,11,12,13,-1,12,14,13,-1,13,14,15,-1,14,0,15,-1,15,0,2,-1,16,8,17,-1,17,8,6,-1,18,14,16,-1,16,14,12,-1,16,12,8,-1,8,12,10,-1,18,19,14,-1,14,19,20,-1,14,20,0,-1,0,20,21,-1,0,21,22,-1,22,23,0,-1,0,23,17,-1,0,17,1,-1,1,17,6,-1,1,6,4,-1,16,17,24,-1,24,17,25,-1,18,16,26,-1,26,16,24,-1,18,26,27,-1,18,27,19,-1,19,27,28,-1,19,28,20,-1,21,20,29,-1,29,20,28,-1,21,29,30,-1,21,30,22,-1,22,30,31,-1,22,31,23,-1,17,23,25,-1,25,23,31,-1,32,33,34,-1,34,33,35,-1,33,36,35,-1,35,36,37,-1,36,38,37,-1,37,38,39,-1,40,41,42,-1,40,42,43,-1,43,42,44,-1,43,44,45,-1,45,44,46,-1,45,46,47,-1,47,46,48,-1,47,48,49,-1,49,48,50,-1,49,50,51,-1,51,50,52,-1,51,52,53,-1,53,52,54,-1,53,54,55,-1,55,54,39,-1,55,39,38,-1,32,34,56,-1,32,56,57,-1,57,56,58,-1,57,58,59,-1,59,58,60,-1,59,60,61,-1,61,60,62,-1,61,62,63,-1,63,62,64,-1,63,64,65,-1,65,64,66,-1,65,66,67,-1,67,66,41,-1,67,41,40,-1,45,47,68,-1,68,47,49,-1,68,49,69,-1,69,49,51,-1,69,51,70,-1,70,51,53,-1,70,53,71,-1,71,53,55,-1,71,55,72,-1,72,55,38,-1,72,38,73,-1,73,38,36,-1,73,36,74,-1,74,36,33,-1,74,33,75,-1,75,33,32,-1,75,32,76,-1,76,32,57,-1,76,57,77,-1,77,57,59,-1,77,59,78,-1,78,59,61,-1,78,61,79,-1,79,61,63,-1,79,63,80,-1,80,63,65,-1,80,65,81,-1,81,65,67,-1,81,67,82,-1,82,67,40,-1,82,40,83,-1,83,40,43,-1,83,43,84,-1,84,43,45,-1,84,45,68,-1,72,73,85,-1,85,73,86,-1,72,85,87,-1,72,87,71,-1,71,87,88,-1,71,88,70,-1,70,88,89,-1,70,89,69,-1,69,89,90,-1,69,90,68,-1,68,90,91,-1,68,91,84,-1,84,91,92,-1,84,92,83,-1,83,92,93,-1,83,93,82,-1,82,93,94,-1,82,94,81,-1,81,94,95,-1,81,95,80,-1,80,95,96,-1,80,96,79,-1,79,96,97,-1,79,97,78,-1,78,97,98,-1,78,98,77,-1,77,98,99,-1,77,99,76,-1,76,99,100,-1,76,100,75,-1,74,75,101,-1,101,75,100,-1,73,74,86,-1,86,74,101,-1,102,103,104,-1,104,103,105,-1,105,103,106,-1,106,103,107,-1,106,107,108,-1,107,109,108,-1,108,109,110,-1,110,109,111,-1,111,109,112,-1,111,112,113,-1,112,114,113,-1,113,114,115,-1,114,116,115,-1,115,116,117,-1,116,118,117,-1,117,118,119,-1,118,120,119,-1,119,120,121,-1,120,122,121,-1,121,122,123,-1,122,124,123,-1,123,124,125,-1,124,126,125,-1,125,126,127,-1,126,102,127,-1,127,102,104,-1,107,103,102,-1,102,126,107,-1,107,126,124,-1,107,124,109,-1,114,112,116,-1,116,112,109,-1,116,109,118,-1,118,109,124,-1,118,124,120,-1,120,124,122,-1,128,129,130,-1,130,129,131,-1,131,129,132,-1,133,134,135,-1,133,135,136,-1,136,135,137,-1,136,137,132,-1,132,137,138,-1,132,138,131,-1,134,133,139,-1,139,133,140,-1,139,140,141,-1,141,140,142,-1,141,142,143,-1,143,142,144,-1,143,144,145,-1,145,144,146,-1,145,146,147,-1,147,146,148,-1,147,148,149,-1,149,148,150,-1,149,150,151,-1,151,150,152,-1,151,152,153,-1,154,155,156,-1,156,155,157,-1,156,158,154,-1,154,158,159,-1,154,159,160,-1,160,159,161,-1,160,161,162,-1,162,161,163,-1,162,163,164,-1,164,163,165,-1,164,165,166,-1,166,165,167,-1,166,167,168,-1,168,167,153,-1,168,153,152,-1,157,155,169,-1,169,155,170,-1,169,170,171,-1,171,170,172,-1,171,172,173,-1,172,174,173,-1,173,174,175,-1,176,177,178,-1,176,178,179,-1,179,178,175,-1,179,175,174,-1,180,181,182,-1,180,182,183,-1,183,182,184,-1,183,184,185,-1,185,184,186,-1,185,186,187,-1,187,186,188,-1,187,188,189,-1,189,188,190,-1,189,190,191,-1,191,190,192,-1,191,192,193,-1,193,192,177,-1,193,177,176,-1,194,195,196,-1,194,196,197,-1,197,196,198,-1,197,198,199,-1,199,198,200,-1,199,200,201,-1,201,200,202,-1,201,202,203,-1,203,202,204,-1,203,204,205,-1,205,204,206,-1,205,206,207,-1,207,206,181,-1,207,181,180,-1,128,130,208,-1,128,208,209,-1,209,208,210,-1,209,210,211,-1,211,210,195,-1,211,195,194,-1,197,133,194,-1,194,133,136,-1,194,136,211,-1,211,136,132,-1,211,132,209,-1,209,132,129,-1,209,129,128,-1,174,172,179,-1,179,172,170,-1,179,170,176,-1,176,170,155,-1,176,155,193,-1,193,155,154,-1,193,154,191,-1,191,154,160,-1,191,160,189,-1,189,160,162,-1,189,162,187,-1,187,162,164,-1,187,164,185,-1,185,164,166,-1,185,166,183,-1,183,166,168,-1,183,168,180,-1,180,168,152,-1,180,152,207,-1,207,152,150,-1,207,150,205,-1,205,150,148,-1,205,148,203,-1,203,148,146,-1,203,146,201,-1,201,146,144,-1,201,144,199,-1,199,144,142,-1,199,142,197,-1,197,142,140,-1,197,140,133,-1,212,213,214,-1,214,213,215,-1,213,216,215,-1,215,216,217,-1,216,218,217,-1,217,218,219,-1,218,220,219,-1,219,220,221,-1,220,222,221,-1,221,222,223,-1,222,212,223,-1,223,212,214,-1,220,218,222,-1,222,218,216,-1,222,216,212,-1,212,216,213,-1,
        ]
    }
}
Shape{
    appearance Appearance {
        material  Material 	{
            diffuseColor 0.5019607843137255 0.5019607843137255 0.5019607843137255
            specularColor 0.25098039215686274 0.25098039215686274 0.25098039215686274
            ambientIntensity 0.2
            transparency 0
            shininess 0.5
        }
    }
    geometry IndexedFaceSet {
        ccw TRUE
        solid FALSE
        coord DEF co Coordinate {
            point [
                -0.0586 -0.0505 0.0, -0.1245 -0.0505 0.0, -0.088 0.0317 0.0, -0.0948 0.0317 0.0, -0.0899 0.0385 0.0, -0.0931 0.0385 0.0, -0.0911 0.0455 0.0, -0.0918 0.0455 0.0, 0.142 0.0479 0.0, 0.142 -0.1058 0.0, 0.113 0.0479 0.0, 0.1141 -0.1058 0.0, 0.0933 -0.1038 0.0, 0.0364 -0.027 0.0, 0.0381 -0.0074 0.0, 0.0427 0.0081 0.0, 0.0897 0.0454 0.0, 0.0768 -0.0987 0.0, 0.0633 -0.0907 0.0, 0.0523 -0.0798 0.0, 0.044 -0.0662 0.0, 0.0382 -0.0477 0.0, 0.0495 0.0203 0.0, 0.0591 0.0304 0.0, 0.0735 0.0397 0.0, 0.0735 0.0397 0.0
            ]
        }
        coordIndex [
            0,1,2,-1,2,1,3,-1,2,3,4,-1,4,3,5,-1,4,5,6,-1,6,5,7,-1,8,9,10,-1,10,9,11,-1,10,11,12,-1,13,14,10,-1,10,14,15,-1,10,15,16,-1,12,17,10,-1,10,17,18,-1,10,18,19,-1,19,20,10,-1,10,20,21,-1,10,21,13,-1,22,23,15,-1,15,23,24,-1,15,24,16,-1,
        ]
    }
}
Shape{
    appearance Appearance {
        material  Material 	{
            diffuseColor 1.0 1.0 1.0
            specularColor 0.5019607843137255 0.5019607843137255 0.5019607843137255
            ambientIntensity 0.2
            transparency 0
            shininess 0.5
        }
    }
    geometry IndexedFaceSet {
        ccw TRUE
        solid FALSE
        coord DEF co Coordinate {
            point [
                0.0852 0.1969 0.2197, 0.0197 0.1969 0.2165, 0.0197 1.378 0.2165, -0.0458 1.378 0.2197, -0.0458 0.1969 0.2197, -0.1744 0.1969 0.2444, -0.1744 1.378 0.2444, -0.296 0.1969 0.2931, -0.296 1.378 0.2931, -0.4062 0.1969 0.3639, -0.4062 1.378 0.3639, -0.501 0.1969 0.4543, -0.501 1.378 0.4543, -0.577 0.1969 0.561, -0.577 1.378 0.561, -0.6314 0.1969 0.6802, -0.6314 1.378 0.6802, -0.6623 0.1969 0.8075, -0.6623 1.378 0.8075, -0.6685 0.1969 0.9383, -0.6685 1.378 0.9383, -0.6499 0.1969 1.0679, -0.6499 1.378 1.0679, -0.607 0.1969 1.1917, -0.607 1.378 1.1917, -0.5415 0.1969 1.3052, -0.5415 1.378 1.3052, -0.4558 0.1969 1.4041, -0.4558 1.378 1.4041, -0.3528 0.1969 1.4851, -0.3528 1.378 1.4851, -0.2364 0.1969 1.5451, -0.2364 1.378 1.5451, -0.1107 0.1969 1.582, -0.1107 1.378 1.582, 0.0197 0.1969 1.5945, 0.0197 1.378 1.5945, 0.1501 0.1969 1.582, 0.1501 1.378 1.582, 0.2758 0.1969 1.5451, 0.2758 1.378 1.5451, 0.3922 0.1969 1.4851, 0.3922 1.378 1.4851, 0.4951 0.1969 1.4041, 0.4951 1.378 1.4041, 0.5809 0.1969 1.3052, 0.5809 1.378 1.3052, 0.6464 0.1969 1.1917, 0.6464 1.378 1.1917, 0.6892 0.1969 1.0679, 0.6892 1.378 1.0679, 0.7079 0.1969 0.9383, 0.7079 1.378 0.9383, 0.7016 0.1969 0.8075, 0.7016 1.378 0.8075, 0.6708 0.1969 0.6802, 0.6708 1.378 0.6802, 0.6164 0.1969 0.561, 0.6164 1.378 0.561, 0.5404 0.1969 0.4543, 0.5404 1.378 0.4543, 0.4456 0.1969 0.3639, 0.4456 1.378 0.3639, 0.3354 0.1969 0.2931, 0.3354 1.378 0.2931, 0.2138 0.1969 0.2444, 0.2138 1.378 0.2444, 0.0852 1.378 0.2197, 0.0197 0.1969 0.6496, -0.0465 0.1969 0.6583, -0.0465 0.1969 1.1527, -0.1083 0.1969 1.1271, -0.1613 0.1969 1.0865, -0.2019 0.1969 1.0335, -0.2362 0.1969 0.9055, -0.2275 0.1969 0.8393, -0.2019 0.1969 0.7776, -0.1613 0.1969 0.7246, -0.2275 0.1969 0.9717, -0.1083 0.1969 0.6839, 0.1476 0.1969 1.1271, 0.0859 0.1969 1.1527, 0.0197 0.1969 1.1614, 0.2669 0.1969 0.9717, 0.2413 0.1969 1.0335, 0.2006 0.1969 1.0865, 0.1476 0.1969 0.6839, 0.2006 0.1969 0.7246, 0.2413 0.1969 0.7776, 0.2669 0.1969 0.8393, 0.0859 0.1969 0.6583, 0.2756 0.1969 0.9055, 0.0197 -1.378 0.7283, 0.0578 -1.378 0.7325, 0.0197 -1.378 0.9055, -0.0184 -1.378 0.7325, -0.1153 -1.378 0.7908, -0.0875 -1.378 0.7645, -0.0547 -1.378 0.7447, -0.1572 -1.378 0.8959, -0.151 -1.378 0.8581, -0.1368 -1.378 0.8225, -0.127 -1.378 1.0049, -0.1449 -1.378 0.9711, -0.1551 -1.378 0.9342, -0.0369 -1.378 1.0734, -0.0717 -1.378 1.0573, -0.1022 -1.378 1.0341, 0.0763 -1.378 1.0734, 0.0388 -1.378 1.0816, 0.0005 -1.378 1.0816, 0.1663 -1.378 1.0049, 0.1415 -1.378 1.0341, 0.111 -1.378 1.0573, 0.1966 -1.378 0.8959, 0.1945 -1.378 0.9342, 0.1843 -1.378 0.9711, 0.1547 -1.378 0.7908, 0.1762 -1.378 0.8225, 0.1904 -1.378 0.8581, 0.0941 -1.378 0.7447, 0.1269 -1.378 0.7645, 0.0856 -1.2992 0.6593, 0.1271 -1.2992 0.6733, 0.126 -1.3196 0.6757, 0.1469 -1.2992 0.6851, 0.1746 -1.2992 0.7018, 0.1729 -1.3196 0.7039, 0.2406 -1.2992 0.778, 0.2458 -1.2992 0.7856, 0.2434 -1.3196 0.7869, 0.2666 -1.2992 0.8393, 0.2752 -1.2992 0.8917, 0.2725 -1.3196 0.8918, 0.2745 -1.2992 0.9055, 0.2722 -1.2992 0.9469, 0.2696 -1.3196 0.9465, 0.2654 -1.2992 0.9713, 0.2574 -1.2992 1.0002, 0.2549 -1.3196 0.9992, 0.2001 -1.2992 1.086, 0.1957 -1.2992 1.0913, 0.1938 -1.3196 1.0894, 0.1474 -1.2992 1.1267, 0.1014 -1.2992 1.148, 0.1005 -1.3196 1.1455, 0.0857 -1.2992 1.1515, 0.0474 -1.2992 1.1599, 0.0471 -1.3196 1.1572, 0.0197 -1.2992 1.1599, -0.008 -1.2992 1.1599, -0.0077 -1.3196 1.1572, -0.1081 -1.2992 1.1267, -0.1122 -1.2992 1.1248, -0.1109 -1.3196 1.1225, -0.1608 -1.2992 1.086, -0.1921 -1.2992 1.0491, -0.1899 -1.3196 1.0476, -0.2273 -1.2992 0.8393, -0.2269 -1.2992 0.8371, -0.2243 -1.3196 0.8378, -0.2012 -1.2992 0.778, -0.1754 -1.2992 0.7398, -0.1733 -1.3196 0.7416, -0.1603 -1.2992 0.7256, -0.1352 -1.2992 0.7018, -0.1336 -1.3196 0.7039, -0.0462 -1.2992 0.6593, -0.0353 -1.2992 0.6556, -0.0348 -1.3196 0.6582, -0.0633 -1.3753 0.7262, -0.0999 -1.3753 0.7482, -0.0712 -1.3674 0.709, -0.1114 -1.3674 0.7331, -0.0781 -1.3549 0.6942, -0.1212 -1.3549 0.7201, -0.0833 -1.3386 0.6828, -0.1288 -1.3386 0.7102, -0.0866 -1.3196 0.6757, -0.1776 -1.3753 0.8948, -0.1753 -1.3753 0.9375, -0.1965 -1.3674 0.8938, -0.194 -1.3674 0.9405, -0.2128 -1.3549 0.8929, -0.2101 -1.3549 0.9432, -0.2253 -1.3386 0.8922, -0.2224 -1.3386 0.9452, -0.2332 -1.3196 0.8918, -0.2302 -1.3196 0.9465, -0.0434 -1.3753 1.0927, -0.0017 -1.3753 1.1019, -0.0495 -1.3674 1.1107, -0.0037 -1.3674 1.1208, -0.0547 -1.3549 1.1262, -0.0055 -1.3549 1.137, -0.0587 -1.3386 1.138, -0.0068 -1.3386 1.1494, -0.0612 -1.3196 1.1455, 0.1832 -1.3753 1.0164, 0.2032 -1.3753 0.9786, 0.1989 -1.3674 1.027, 0.2208 -1.3674 0.9857, 0.2124 -1.3549 1.0362, 0.236 -1.3549 0.9917, 0.2228 -1.3386 1.0432, 0.2476 -1.3386 0.9963, 0.2293 -1.3196 1.0476, 0.1702 -1.3753 0.7776, 0.1392 -1.3753 0.7482, 0.1847 -1.3674 0.7653, 0.1507 -1.3674 0.7331, 0.1971 -1.3549 0.7548, 0.1606 -1.3549 0.7201, 0.2067 -1.3386 0.7467, 0.1682 -1.3386 0.7102, 0.2127 -1.3196 0.7416, 0.0197 -1.3753 0.708, -0.0228 -1.3753 0.7126, 0.0197 -1.3674 0.689, -0.0269 -1.3674 0.694, 0.0197 -1.3549 0.6727, -0.0304 -1.3549 0.6781, 0.0197 -1.3386 0.6602, -0.0331 -1.3386 0.6659, 0.0197 -1.3196 0.6523, 0.0197 -1.2992 0.6496, -0.0878 -1.2992 0.6733, -0.1075 -1.2992 0.6851, -0.1673 -1.3386 0.7467, -0.1578 -1.3549 0.7548, -0.1454 -1.3674 0.7653, -0.1309 -1.3753 0.7776, -0.2064 -1.2992 0.7856, -0.204 -1.3196 0.7869, -0.1971 -1.3386 0.7906, -0.186 -1.3549 0.7964, -0.1716 -1.3674 0.8041, -0.1548 -1.3753 0.813, -0.1707 -1.3753 0.8527, -0.189 -1.3674 0.8476, -0.2047 -1.3549 0.8432, -0.2167 -1.3386 0.8399, -0.2358 -1.2992 0.8917, -0.2008 -1.2992 1.0328, -0.218 -1.2992 1.0002, -0.2156 -1.3196 0.9992, -0.2082 -1.3386 0.9963, -0.1966 -1.3549 0.9917, -0.1815 -1.3674 0.9857, -0.1638 -1.3753 0.9786, -0.2261 -1.2992 0.9713, -0.2328 -1.2992 0.9469, -0.2351 -1.2992 0.9055, -0.1834 -1.3386 1.0432, -0.173 -1.3549 1.0362, -0.1595 -1.3674 1.027, -0.1438 -1.3753 1.0164, -0.1563 -1.2992 1.0913, -0.1545 -1.3196 1.0894, -0.149 -1.3386 1.0836, -0.1404 -1.3549 1.0746, -0.1292 -1.3674 1.0627, -0.1162 -1.3753 1.0489, -0.0822 -1.3753 1.0748, -0.092 -1.3674 1.0911, -0.1004 -1.3549 1.105, -0.1068 -1.3386 1.1157, -0.062 -1.2992 1.148, -0.0463 -1.2992 1.1515, 0.0462 -1.3386 1.1494, 0.0449 -1.3549 1.137, 0.0431 -1.3674 1.1208, 0.041 -1.3753 1.1019, 0.098 -1.3386 1.138, 0.094 -1.3549 1.1262, 0.0888 -1.3674 1.1107, 0.0828 -1.3753 1.0927, 0.1516 -1.2992 1.1248, 0.1502 -1.3196 1.1225, 0.1462 -1.3386 1.1157, 0.1397 -1.3549 1.105, 0.1313 -1.3674 1.0911, 0.1215 -1.3753 1.0748, 0.1555 -1.3753 1.0489, 0.1686 -1.3674 1.0627, 0.1798 -1.3549 1.0746, 0.1884 -1.3386 1.0836, 0.2315 -1.2992 1.0491, 0.2401 -1.2992 1.0328, 0.2618 -1.3386 0.9452, 0.2495 -1.3549 0.9432, 0.2334 -1.3674 0.9405, 0.2146 -1.3753 0.9375, 0.2647 -1.3386 0.8922, 0.2522 -1.3549 0.8929, 0.2359 -1.3674 0.8938, 0.2169 -1.3753 0.8948, 0.2663 -1.2992 0.8371, 0.2637 -1.3196 0.8378, 0.2561 -1.3386 0.8399, 0.244 -1.3549 0.8432, 0.2283 -1.3674 0.8476, 0.21 -1.3753 0.8527, 0.1942 -1.3753 0.813, 0.211 -1.3674 0.8041, 0.2254 -1.3549 0.7964, 0.2365 -1.3386 0.7906, 0.2147 -1.2992 0.7398, 0.1997 -1.2992 0.7256, 0.1227 -1.3386 0.6828, 0.1175 -1.3549 0.6942, 0.1106 -1.3674 0.709, 0.1026 -1.3753 0.7262, 0.0747 -1.2992 0.6556, 0.0741 -1.3196 0.6582, 0.0724 -1.3386 0.6659, 0.0697 -1.3549 0.6781, 0.0662 -1.3674 0.694, 0.0622 -1.3753 0.7126, 0.0622 -1.3753 0.7126
            ]
        }
        coordIndex [
            0,1,2,-1,2,1,3,-1,1,4,3,-1,3,4,5,-1,3,5,6,-1,6,5,7,-1,6,7,8,-1,8,7,9,-1,8,9,10,-1,10,9,11,-1,10,11,12,-1,12,11,13,-1,12,13,14,-1,14,13,15,-1,14,15,16,-1,16,15,17,-1,16,17,18,-1,18,17,19,-1,18,19,20,-1,20,19,21,-1,20,21,22,-1,22,21,23,-1,22,23,24,-1,24,23,25,-1,24,25,26,-1,26,25,27,-1,26,27,28,-1,28,27,29,-1,28,29,30,-1,30,29,31,-1,30,31,32,-1,32,31,33,-1,32,33,34,-1,34,33,35,-1,34,35,36,-1,36,35,37,-1,36,37,38,-1,38,37,39,-1,38,39,40,-1,40,39,41,-1,40,41,42,-1,42,41,43,-1,42,43,44,-1,44,43,45,-1,44,45,46,-1,46,45,47,-1,46,47,48,-1,48,47,49,-1,48,49,50,-1,50,49,51,-1,50,51,52,-1,52,51,53,-1,52,53,54,-1,54,53,55,-1,54,55,56,-1,56,55,57,-1,56,57,58,-1,58,57,59,-1,58,59,60,-1,60,59,61,-1,60,61,62,-1,62,61,63,-1,62,63,64,-1,64,63,65,-1,64,65,66,-1,66,65,0,-1,66,0,67,-1,67,0,2,-1,4,68,69,-1,70,31,71,-1,71,31,29,-1,71,29,72,-1,72,29,27,-1,72,27,73,-1,74,17,75,-1,75,17,15,-1,75,15,76,-1,76,15,13,-1,76,13,77,-1,27,25,73,-1,73,25,23,-1,73,23,78,-1,78,23,21,-1,78,21,74,-1,74,21,19,-1,74,19,17,-1,13,11,77,-1,77,11,9,-1,77,9,79,-1,79,9,7,-1,79,7,69,-1,69,7,5,-1,69,5,4,-1,80,39,81,-1,81,39,37,-1,81,37,82,-1,82,37,35,-1,82,35,70,-1,70,35,33,-1,70,33,31,-1,83,47,84,-1,84,47,45,-1,84,45,85,-1,85,45,43,-1,85,43,80,-1,80,43,41,-1,80,41,39,-1,86,61,87,-1,87,61,59,-1,87,59,88,-1,88,59,57,-1,88,57,89,-1,4,1,68,-1,68,1,0,-1,68,0,90,-1,90,0,65,-1,90,65,86,-1,86,65,63,-1,86,63,61,-1,57,55,89,-1,89,55,53,-1,89,53,91,-1,91,53,51,-1,91,51,83,-1,83,51,49,-1,83,49,47,-1,92,93,94,-1,92,94,95,-1,96,97,94,-1,94,97,98,-1,94,98,95,-1,99,100,94,-1,94,100,101,-1,94,101,96,-1,102,103,94,-1,94,103,104,-1,94,104,99,-1,105,106,94,-1,94,106,107,-1,94,107,102,-1,108,109,94,-1,94,109,110,-1,94,110,105,-1,111,112,94,-1,94,112,113,-1,94,113,108,-1,114,115,94,-1,94,115,116,-1,94,116,111,-1,117,118,94,-1,94,118,119,-1,94,119,114,-1,93,120,94,-1,94,120,121,-1,94,121,117,-1,122,123,124,-1,125,126,127,-1,128,129,130,-1,131,132,133,-1,134,135,136,-1,137,138,139,-1,140,141,142,-1,143,144,145,-1,146,147,148,-1,149,150,151,-1,152,153,154,-1,155,156,157,-1,158,159,160,-1,161,162,163,-1,164,165,166,-1,167,168,169,-1,98,97,170,-1,170,97,171,-1,170,171,172,-1,172,171,173,-1,172,173,174,-1,174,173,175,-1,174,175,176,-1,176,175,177,-1,176,177,178,-1,178,177,166,-1,99,104,179,-1,179,104,180,-1,179,180,181,-1,181,180,182,-1,181,182,183,-1,183,182,184,-1,183,184,185,-1,185,184,186,-1,185,186,187,-1,187,186,188,-1,105,110,189,-1,189,110,190,-1,189,190,191,-1,191,190,192,-1,191,192,193,-1,193,192,194,-1,193,194,195,-1,195,194,196,-1,195,196,197,-1,197,196,151,-1,111,116,198,-1,198,116,199,-1,198,199,200,-1,200,199,201,-1,200,201,202,-1,202,201,203,-1,202,203,204,-1,204,203,205,-1,204,205,206,-1,206,205,139,-1,117,121,207,-1,207,121,208,-1,207,208,209,-1,209,208,210,-1,209,210,211,-1,211,210,212,-1,211,212,213,-1,213,212,214,-1,213,214,215,-1,215,214,127,-1,92,95,216,-1,216,95,217,-1,216,217,218,-1,218,217,219,-1,218,219,220,-1,220,219,221,-1,220,221,222,-1,222,221,223,-1,222,223,224,-1,224,223,169,-1,224,169,225,-1,225,169,168,-1,226,167,178,-1,178,167,169,-1,178,169,176,-1,176,169,223,-1,176,223,174,-1,174,223,221,-1,174,221,172,-1,172,221,219,-1,172,219,170,-1,170,219,217,-1,170,217,98,-1,98,217,95,-1,166,165,178,-1,178,165,227,-1,178,227,226,-1,162,164,163,-1,163,164,166,-1,163,166,228,-1,228,166,177,-1,228,177,229,-1,229,177,175,-1,229,175,230,-1,230,175,173,-1,230,173,231,-1,231,173,171,-1,231,171,96,-1,96,171,97,-1,232,161,233,-1,233,161,163,-1,233,163,234,-1,234,163,228,-1,234,228,235,-1,235,228,229,-1,235,229,236,-1,236,229,230,-1,236,230,237,-1,237,230,231,-1,237,231,101,-1,101,231,96,-1,101,100,237,-1,237,100,238,-1,237,238,236,-1,236,238,239,-1,236,239,235,-1,235,239,240,-1,235,240,234,-1,234,240,241,-1,234,241,233,-1,233,241,160,-1,233,160,232,-1,232,160,159,-1,242,158,187,-1,187,158,160,-1,187,160,185,-1,185,160,241,-1,185,241,183,-1,183,241,240,-1,183,240,181,-1,181,240,239,-1,181,239,179,-1,179,239,238,-1,179,238,99,-1,99,238,100,-1,243,244,245,-1,245,244,188,-1,245,188,246,-1,246,188,186,-1,246,186,247,-1,247,186,184,-1,247,184,248,-1,248,184,182,-1,248,182,249,-1,249,182,180,-1,249,180,103,-1,103,180,104,-1,244,250,188,-1,188,250,251,-1,188,251,187,-1,187,251,252,-1,187,252,242,-1,156,243,157,-1,157,243,245,-1,157,245,253,-1,253,245,246,-1,253,246,254,-1,254,246,247,-1,254,247,255,-1,255,247,248,-1,255,248,256,-1,256,248,249,-1,256,249,102,-1,102,249,103,-1,257,155,258,-1,258,155,157,-1,258,157,259,-1,259,157,253,-1,259,253,260,-1,260,253,254,-1,260,254,261,-1,261,254,255,-1,261,255,262,-1,262,255,256,-1,262,256,107,-1,107,256,102,-1,107,106,262,-1,262,106,263,-1,262,263,261,-1,261,263,264,-1,261,264,260,-1,260,264,265,-1,260,265,259,-1,259,265,266,-1,259,266,258,-1,258,266,154,-1,258,154,257,-1,257,154,153,-1,267,152,197,-1,197,152,154,-1,197,154,195,-1,195,154,266,-1,195,266,193,-1,193,266,265,-1,193,265,191,-1,191,265,264,-1,191,264,189,-1,189,264,263,-1,189,263,105,-1,105,263,106,-1,151,150,197,-1,197,150,268,-1,197,268,267,-1,147,149,148,-1,148,149,151,-1,148,151,269,-1,269,151,196,-1,269,196,270,-1,270,196,194,-1,270,194,271,-1,271,194,192,-1,271,192,272,-1,272,192,190,-1,272,190,109,-1,109,190,110,-1,144,146,145,-1,145,146,148,-1,145,148,273,-1,273,148,269,-1,273,269,274,-1,274,269,270,-1,274,270,275,-1,275,270,271,-1,275,271,276,-1,276,271,272,-1,276,272,108,-1,108,272,109,-1,277,143,278,-1,278,143,145,-1,278,145,279,-1,279,145,273,-1,279,273,280,-1,280,273,274,-1,280,274,281,-1,281,274,275,-1,281,275,282,-1,282,275,276,-1,282,276,113,-1,113,276,108,-1,113,112,282,-1,282,112,283,-1,282,283,281,-1,281,283,284,-1,281,284,280,-1,280,284,285,-1,280,285,279,-1,279,285,286,-1,279,286,278,-1,278,286,142,-1,278,142,277,-1,277,142,141,-1,287,140,206,-1,206,140,142,-1,206,142,204,-1,204,142,286,-1,204,286,202,-1,202,286,285,-1,202,285,200,-1,200,285,284,-1,200,284,198,-1,198,284,283,-1,198,283,111,-1,111,283,112,-1,139,138,206,-1,206,138,288,-1,206,288,287,-1,135,137,136,-1,136,137,139,-1,136,139,289,-1,289,139,205,-1,289,205,290,-1,290,205,203,-1,290,203,291,-1,291,203,201,-1,291,201,292,-1,292,201,199,-1,292,199,115,-1,115,199,116,-1,132,134,133,-1,133,134,136,-1,133,136,293,-1,293,136,289,-1,293,289,294,-1,294,289,290,-1,294,290,295,-1,295,290,291,-1,295,291,296,-1,296,291,292,-1,296,292,114,-1,114,292,115,-1,297,131,298,-1,298,131,133,-1,298,133,299,-1,299,133,293,-1,299,293,300,-1,300,293,294,-1,300,294,301,-1,301,294,295,-1,301,295,302,-1,302,295,296,-1,302,296,119,-1,119,296,114,-1,119,118,302,-1,302,118,303,-1,302,303,301,-1,301,303,304,-1,301,304,300,-1,300,304,305,-1,300,305,299,-1,299,305,306,-1,299,306,298,-1,298,306,130,-1,298,130,297,-1,297,130,129,-1,307,128,215,-1,215,128,130,-1,215,130,213,-1,213,130,306,-1,213,306,211,-1,211,306,305,-1,211,305,209,-1,209,305,304,-1,209,304,207,-1,207,304,303,-1,207,303,117,-1,117,303,118,-1,127,126,215,-1,215,126,308,-1,215,308,307,-1,123,125,124,-1,124,125,127,-1,124,127,309,-1,309,127,214,-1,309,214,310,-1,310,214,212,-1,310,212,311,-1,311,212,210,-1,311,210,312,-1,312,210,208,-1,312,208,120,-1,120,208,121,-1,313,122,314,-1,314,122,124,-1,314,124,315,-1,315,124,309,-1,315,309,316,-1,316,309,310,-1,316,310,317,-1,317,310,311,-1,317,311,318,-1,318,311,312,-1,318,312,93,-1,93,312,120,-1,93,92,318,-1,318,92,216,-1,318,216,317,-1,317,216,218,-1,317,218,316,-1,316,218,220,-1,316,220,315,-1,315,220,222,-1,315,222,314,-1,314,222,224,-1,314,224,313,-1,313,224,225,-1,150,82,70,-1,71,267,70,-1,70,267,268,-1,70,268,150,-1,257,153,71,-1,71,153,152,-1,71,152,267,-1,257,71,155,-1,155,71,72,-1,155,72,156,-1,156,72,73,-1,156,73,243,-1,243,73,244,-1,244,73,78,-1,244,78,250,-1,250,78,251,-1,251,78,74,-1,251,74,252,-1,252,74,242,-1,242,74,75,-1,242,75,158,-1,158,75,159,-1,159,75,76,-1,159,76,232,-1,77,162,76,-1,76,162,161,-1,76,161,232,-1,79,165,77,-1,77,165,164,-1,77,164,162,-1,69,226,79,-1,79,226,227,-1,79,227,165,-1,68,168,69,-1,69,168,167,-1,69,167,226,-1,90,313,68,-1,68,313,225,-1,68,225,168,-1,86,123,90,-1,90,123,122,-1,90,122,313,-1,87,126,86,-1,86,126,125,-1,86,125,123,-1,129,128,88,-1,88,128,307,-1,88,307,87,-1,87,307,308,-1,87,308,126,-1,91,132,89,-1,89,132,131,-1,89,131,88,-1,88,131,297,-1,88,297,129,-1,83,135,91,-1,91,135,134,-1,91,134,132,-1,84,138,83,-1,83,138,137,-1,83,137,135,-1,141,140,85,-1,85,140,287,-1,85,287,84,-1,84,287,288,-1,84,288,138,-1,81,144,80,-1,80,144,143,-1,80,143,85,-1,85,143,277,-1,85,277,141,-1,150,149,82,-1,82,149,147,-1,82,147,81,-1,81,147,146,-1,81,146,144,-1,
        ]
    }
}