#VRML V2.0 utf8
# 3D model generated by easyeda2kicad.py (https://github.com/uPesy/easyeda2kicad.py)

Shape{
    appearance Appearance {
        material  Material 	{
            diffuseColor 0.2235294117647059 0.2235294117647059 0.2235294117647059
            specularColor 0.11372549019607843 0.11372549019607843 0.11372549019607843
            ambientIntensity 0.2
            transparency 0
            shininess 0.5
        }
    }
    geometry IndexedFaceSet {
        ccw TRUE
        solid FALSE
        coord DEF co Coordinate {
            point [
                0.3937 -0.3315 0.3622, 0.3937 -0.3206 0.3622, 0.3018 -0.3206 0.3622, 0.1962 -0.2829 0.3622, 0.1962 -0.0022 0.3622, 0.1605 -0.0022 0.3622, 0.1962 0.4331 0.3622, 0.1605 0.4331 0.3622, 0.3937 -0.0022 0.3622, 0.3937 0.4331 0.3622, 0.3018 0.4331 0.3622, 0.2387 -0.3793 0.3622, 0.2377 -0.3794 0.3622, 0.2467 -0.3794 0.3622, 0.2103 -0.2833 0.3622, 0.2132 -0.2829 0.3622, 0.1984 -0.2829 0.3622, 0.2199 -0.3204 0.3622, 0.2175 -0.3206 0.3622, 0.2298 -0.3206 0.3622, 0.3192 -0.3203 0.3622, 0.3154 -0.3101 0.3622, 0.3018 -0.3101 0.3622, 0.0591 -0.3792 0.3622, 0.059 -0.3794 0.3622, 0.1605 -0.3794 0.3622, 0.1283 -0.3121 0.3622, 0.1355 -0.3181 0.3622, 0.1605 -0.2829 0.3622, 0.1605 -0.3206 0.3622, 0.0932 -0.2791 0.3622, 0.0989 -0.2829 0.3622, 0.105 -0.287 0.3622, 0.1137 -0.297 0.3622, 0.1192 -0.3078 0.3622, 0.1204 -0.3082 0.3622, 0.0439 -0.2796 0.3622, 0.0561 -0.2749 0.3622, -0.1434 -0.0022 0.3622, 0.0691 -0.2733 0.3622, 0.08 -0.2744 0.3622, 0.0386 -0.2829 0.3622, -0.1434 -0.2829 0.3622, 0.0375 -0.2835 0.3622, -0.1434 -0.3206 0.3622, -0.0191 -0.3206 0.3622, -0.0168 -0.3154 0.3622, -0.0105 -0.3073 0.3622, 0.0094 -0.2959 0.3622, 0.0199 -0.2946 0.3622, 0.0313 -0.2888 0.3622, 0.0229 -0.2948 0.3622, 0.0259 -0.2951 0.3622, -0.0087 -0.3056 0.3622, -0.0003 -0.2997 0.3622, -0.0036 -0.373 0.3622, -0.0118 -0.366 0.3622, -0.1434 -0.3794 0.3622, 0.0059 -0.3777 0.3622, -0.0178 -0.3575 0.3622, -0.0215 -0.3477 0.3622, -0.1434 -0.3315 0.3622, -0.0228 -0.3373 0.3622, -0.0228 -0.3348 0.3622, -0.0222 -0.3315 0.3622, -0.021 -0.3249 0.3622, 0.0093 -0.3787 0.3622, 0.0096 -0.3794 0.3622, 0.0119 -0.3842 0.3622, -0.1434 -0.3941 0.3622, 0.0158 -0.3891 0.3622, 0.0209 -0.393 0.3622, 0.0453 -0.3941 0.3622, 0.0405 -0.3959 0.3622, 0.1605 -0.4331 0.3622, 0.0344 -0.3966 0.3622, 0.0332 -0.3966 0.3622, -0.1434 -0.4331 0.3622, 0.027 -0.3956 0.3622, 0.0235 -0.3941 0.3622, 0.0561 -0.3852 0.3622, 0.1605 -0.3941 0.3622, 0.0517 -0.3901 0.3622, 0.0464 -0.3937 0.3622, 0.1441 -0.3336 0.3622, 0.1453 -0.3423 0.3622, 0.1605 -0.3315 0.3622, 0.0541 -0.3526 0.3622, 0.0894 -0.3341 0.3622, 0.0496 -0.3484 0.3622, 0.044 -0.3454 0.3622, 0.0936 -0.3787 0.3622, 0.0918 -0.3776 0.3622, 0.0903 -0.3762 0.3622, 0.1288 -0.3403 0.3622, 0.1276 -0.3353 0.3622, 0.1256 -0.3315 0.3622, -0.0056 -0.3315 0.3622, -0.0041 -0.3472 0.3622, -0.0007 -0.3529 0.3622, 0.0126 -0.3552 0.3622, 0.0041 -0.3577 0.3622, 0.0096 -0.361 0.3622, 0.0914 -0.3647 0.3622, 0.093 -0.3637 0.3622, 0.0976 -0.3481 0.3622, 0.0949 -0.3631 0.3622, 0.0224 -0.3465 0.3622, 0.017 -0.3503 0.3622, -0.0062 -0.3368 0.3622, -0.0059 -0.3408 0.3622, 0.1408 -0.36 0.3622, 0.1356 -0.3674 0.3622, 0.1284 -0.3734 0.3622, 0.1204 -0.3773 0.3622, 0.1441 -0.3517 0.3622, 0.0966 -0.3629 0.3622, 0.0968 -0.3629 0.3622, 0.0976 -0.3631 0.3622, 0.0282 -0.3444 0.3622, 0.0344 -0.3436 0.3622, 0.0376 -0.3438 0.3622, 0.1116 -0.3792 0.3622, 0.096 -0.3792 0.3622, 0.0954 -0.3791 0.3622, 0.0884 -0.371 0.3622, 0.0884 -0.3701 0.3622, 0.0607 -0.3676 0.3622, 0.089 -0.3681 0.3622, 0.09 -0.3662 0.3622, 0.0892 -0.3745 0.3622, 0.0886 -0.3727 0.3622, 0.0606 -0.3727 0.3622, 0.0607 -0.3703 0.3622, 0.1236 -0.3565 0.3622, 0.1265 -0.3524 0.3622, 0.1283 -0.3477 0.3622, 0.129 -0.3426 0.3622, 0.0981 -0.3631 0.3622, 0.11 -0.3631 0.3622, 0.1147 -0.3622 0.3622, 0.1193 -0.3601 0.3622, 0.1232 -0.3569 0.3622, -0.0033 -0.3247 0.3622, -0.0055 -0.3306 0.3622, 0.1063 -0.322 0.3622, 0.1084 -0.322 0.3622, 0.1252 -0.3307 0.3622, 0.1221 -0.3273 0.3622, 0.118 -0.3244 0.3622, 0.1134 -0.3226 0.3622, 0.1005 -0.306 0.3622, 0.0945 -0.299 0.3622, 0.0341 -0.3144 0.3622, 0.0941 -0.2985 0.3622, 0.0867 -0.2934 0.3622, 0.0381 -0.306 0.3622, -0.0005 -0.3206 0.3622, 0.032 -0.3132 0.3622, 0.106 -0.3206 0.3622, 0.1046 -0.3145 0.3622, 0.0261 -0.3111 0.3622, 0.0201 -0.3104 0.3622, 0.0177 -0.3105 0.3622, 0.0441 -0.299 0.3622, 0.0784 -0.2902 0.3622, 0.0511 -0.2938 0.3622, 0.0694 -0.2891 0.3622, 0.0597 -0.2903 0.3622, 0.0111 -0.312 0.3622, 0.0052 -0.3151 0.3622, 0.0003 -0.3194 0.3622, 0.1372 -0.3206 0.3622, 0.1408 -0.3256 0.3622, 0.1432 -0.3315 0.3622, 0.3244 -0.3203 0.3622, 0.3103 -0.2832 0.3622, 0.3937 -0.2829 0.3622, 0.3018 -0.2829 0.3622, 0.2964 -0.3203 0.3622, 0.2911 -0.3203 0.3622, 0.2901 -0.3206 0.3622, 0.2999 -0.3101 0.3622, 0.2901 -0.2829 0.3622, 0.3018 -0.2922 0.3622, 0.3052 -0.2832 0.3622, 0.2467 -0.3036 0.3622, 0.2367 -0.3036 0.3622, 0.2467 -0.3161 0.3622, 0.2367 -0.3161 0.3622, 0.2553 -0.2829 0.3622, 0.2467 -0.2829 0.3622, 0.251 -0.2832 0.3622, 0.2467 -0.2832 0.3622, 0.251 -0.2875 0.3622, 0.2518 -0.3161 0.3622, 0.2553 -0.3206 0.3622, 0.2518 -0.3203 0.3622, 0.2467 -0.3206 0.3622, 0.25 -0.3036 0.3622, 0.25 -0.2993 0.3622, 0.2467 -0.2993 0.3622, 0.2467 -0.2875 0.3622, 0.2367 -0.2875 0.3622, 0.2367 -0.2993 0.3622, 0.2319 -0.2832 0.3622, 0.2298 -0.2829 0.3622, 0.2319 -0.3203 0.3622, 0.2245 -0.2841 0.3622, 0.2207 -0.283 0.3622, 0.2196 -0.2829 0.3622, 0.2467 -0.3203 0.3622, 0.2245 -0.2891 0.3622, 0.2239 -0.3191 0.3622, 0.2167 -0.3166 0.3622, 0.2209 -0.3158 0.3622, 0.2245 -0.3142 0.3622, 0.2245 -0.3187 0.3622, 0.2036 -0.3102 0.3622, 0.2054 -0.3127 0.3622, 0.2061 -0.3134 0.3622, 0.2085 -0.3152 0.3622, 0.2111 -0.3162 0.3622, 0.2149 -0.3166 0.3622, 0.2203 -0.2875 0.3622, 0.2052 -0.2915 0.3622, 0.2241 -0.2889 0.3622, 0.2034 -0.2942 0.3622, 0.2023 -0.2975 0.3622, 0.2158 -0.2869 0.3622, 0.2143 -0.287 0.3622, 0.2057 -0.291 0.3622, 0.2111 -0.2876 0.3622, 0.2082 -0.2889 0.3622, 0.2018 -0.3022 0.3622, 0.2018 -0.3035 0.3622, 0.2024 -0.3072 0.3622, 0.1984 -0.0022 0.3622, 0.2157 -0.2826 0.3622, 0.2298 -0.0022 0.3622, 0.2158 -0.2826 0.3622, 0.1976 -0.2957 0.3622, 0.1984 -0.2939 0.3622, 0.1994 -0.2916 0.3622, 0.2021 -0.288 0.3622, 0.2029 -0.2872 0.3622, 0.2064 -0.2848 0.3622, 0.1984 -0.3109 0.3622, 0.1973 -0.308 0.3622, 0.1962 -0.3206 0.3622, 0.1967 -0.3024 0.3622, 0.1968 -0.3005 0.3622, 0.1984 -0.3315 0.3622, 0.211 -0.3206 0.3622, 0.1984 -0.3206 0.3622, 0.208 -0.32 0.3622, 0.2045 -0.3183 0.3622, 0.2015 -0.3158 0.3622, 0.2009 -0.3152 0.3622, 0.1988 -0.312 0.3622, 0.2298 -0.3315 0.3622, 0.2142 -0.3209 0.3622, 0.212 -0.3208 0.3622, 0.288 -0.308 0.3622, 0.2862 -0.3118 0.3622, 0.2758 -0.2829 0.3622, 0.2758 -0.2841 0.3622, 0.2796 -0.2855 0.3622, 0.2758 -0.3193 0.3622, 0.2758 -0.3206 0.3622, 0.2796 -0.3179 0.3622, 0.2834 -0.3151 0.3622, 0.2834 -0.2881 0.3622, 0.2847 -0.2893 0.3622, 0.287 -0.2926 0.3622, 0.2884 -0.2961 0.3622, 0.289 -0.3013 0.3622, 0.2889 -0.3036 0.3622, 0.2694 -0.2832 0.3622, 0.2751 -0.2838 0.3622, 0.2753 -0.3195 0.3622, 0.269 -0.3203 0.3622, 0.2588 -0.3203 0.3622, 0.2588 -0.2832 0.3622, 0.2019 -0.3665 0.3622, 0.2026 -0.359 0.3622, 0.201 -0.3678 0.3622, 0.2004 -0.3694 0.3622, 0.2167 -0.3791 0.3622, 0.211 -0.3794 0.3622, 0.2213 -0.3791 0.3622, 0.2298 -0.3794 0.3622, 0.2054 -0.3793 0.3622, 0.2037 -0.3786 0.3622, 0.1984 -0.3794 0.3622, 0.2009 -0.3758 0.3622, 0.2003 -0.3743 0.3622, 0.2026 -0.3545 0.3622, 0.2035 -0.3539 0.3622, 0.2167 -0.375 0.3622, 0.2166 -0.375 0.3622, 0.2155 -0.3766 0.3622, 0.2033 -0.3652 0.3622, 0.2053 -0.3642 0.3622, 0.2059 -0.3569 0.3622, 0.2088 -0.3634 0.3622, 0.2088 -0.356 0.3622, 0.2139 -0.378 0.3622, 0.2129 -0.3787 0.3622, 0.2023 -0.3776 0.3622, 0.2019 -0.3772 0.3622, 0.218 -0.3537 0.3622, 0.2278 -0.358 0.3622, 0.2165 -0.3528 0.3622, 0.2284 -0.3565 0.3622, 0.2293 -0.3553 0.3622, 0.2167 -0.3623 0.3622, 0.2165 -0.3603 0.3622, 0.2161 -0.3586 0.3622, 0.2001 -0.372 0.3622, 0.2001 -0.3714 0.3622, 0.2193 -0.3549 0.3622, 0.2202 -0.3564 0.3622, 0.221 -0.3585 0.3622, 0.207 -0.3526 0.3622, 0.2118 -0.352 0.3622, 0.2145 -0.3522 0.3622, 0.2155 -0.3576 0.3622, 0.2148 -0.3569 0.3622, 0.214 -0.3563 0.3622, 0.213 -0.356 0.3622, 0.2113 -0.3558 0.3622, 0.229 -0.3639 0.3622, 0.2283 -0.3629 0.3622, 0.2213 -0.362 0.3622, 0.2278 -0.3615 0.3622, 0.2276 -0.3598 0.3622, 0.2297 -0.3647 0.3622, 0.2276 -0.3734 0.3622, 0.2298 -0.3648 0.3622, 0.2293 -0.3744 0.3622, 0.2298 -0.3746 0.3622, 0.2084 -0.3797 0.3622, 0.2075 -0.3797 0.3622, 0.1984 -0.3941 0.3622, 0.2059 -0.3794 0.3622, 0.2276 -0.3782 0.3622, 0.2298 -0.3789 0.3622, 0.2308 -0.3793 0.3622, 0.2318 -0.3794 0.3622, 0.2348 -0.3797 0.3622, 0.2298 -0.3941 0.3622, 0.2467 -0.3941 0.3622, 0.2442 -0.3532 0.3622, 0.2442 -0.3577 0.3622, 0.2306 -0.3541 0.3622, 0.2317 -0.3534 0.3622, 0.2298 -0.3549 0.3622, 0.2453 -0.3738 0.3622, 0.2447 -0.3753 0.3622, 0.2438 -0.3765 0.3622, 0.2342 -0.3525 0.3622, 0.238 -0.352 0.3622, 0.2467 -0.3315 0.3622, 0.2412 -0.3523 0.3622, 0.2439 -0.3675 0.3622, 0.2448 -0.3688 0.3622, 0.2453 -0.3702 0.3622, 0.2455 -0.3719 0.3622, 0.2425 -0.3776 0.3622, 0.2412 -0.3784 0.3622, 0.2375 -0.3558 0.3622, 0.2361 -0.3559 0.3622, 0.2324 -0.3593 0.3622, 0.2349 -0.3562 0.3622, 0.2338 -0.3568 0.3622, 0.2325 -0.36 0.3622, 0.2327 -0.3607 0.3622, 0.233 -0.3613 0.3622, 0.2334 -0.3618 0.3622, 0.2351 -0.3628 0.3622, 0.2408 -0.3562 0.3622, 0.238 -0.3641 0.3622, 0.2434 -0.3572 0.3622, 0.2398 -0.3648 0.3622, 0.2428 -0.3665 0.3622, 0.2331 -0.3574 0.3622, 0.2327 -0.358 0.3622, 0.2325 -0.3586 0.3622, 0.2322 -0.3755 0.3622, 0.2347 -0.3674 0.3622, 0.2319 -0.3662 0.3622, 0.2353 -0.3759 0.3622, 0.2355 -0.3759 0.3622, 0.2377 -0.3687 0.3622, 0.2378 -0.3757 0.3622, 0.2407 -0.3723 0.3622, 0.2407 -0.3718 0.3622, 0.239 -0.3752 0.3622, 0.2395 -0.375 0.3622, 0.24 -0.3745 0.3622, 0.2404 -0.3739 0.3622, 0.2406 -0.3732 0.3622, 0.2405 -0.371 0.3622, 0.2401 -0.3704 0.3622, 0.2395 -0.3698 0.3622, 0.2685 -0.3526 0.3622, 0.2733 -0.3526 0.3622, 0.2758 -0.3315 0.3622, 0.26 -0.3725 0.3622, 0.2606 -0.3747 0.3622, 0.2607 -0.3747 0.3622, 0.2553 -0.3315 0.3622, 0.2553 -0.3591 0.3622, 0.2613 -0.3725 0.3622, 0.2609 -0.3738 0.3622, 0.2553 -0.3715 0.3622, 0.2479 -0.3526 0.3622, 0.2531 -0.3526 0.3622, 0.2581 -0.3794 0.3622, 0.2583 -0.379 0.3622, 0.2553 -0.3855 0.3622, 0.2554 -0.3855 0.3622, 0.2553 -0.3794 0.3622, 0.2563 -0.3838 0.3622, 0.2489 -0.387 0.3622, 0.2489 -0.3912 0.3622, 0.25 -0.3874 0.3622, 0.2515 -0.3876 0.3622, 0.2526 -0.3875 0.3622, 0.2553 -0.3907 0.3622, 0.2536 -0.3914 0.3622, 0.2553 -0.3941 0.3622, 0.2519 -0.3916 0.3622, 0.2502 -0.3915 0.3622, 0.2536 -0.3871 0.3622, 0.2545 -0.3865 0.3622, 0.2613 -0.3831 0.3622, 0.2599 -0.3862 0.3622, 0.2758 -0.3941 0.3622, 0.2628 -0.3794 0.3622, 0.2578 -0.3889 0.3622, 0.2571 -0.3896 0.3622, 0.2555 -0.3907 0.3622, 0.2901 -0.3624 0.3622, 0.2831 -0.3624 0.3622, 0.2901 -0.3749 0.3622, 0.2831 -0.3749 0.3622, 0.2974 -0.342 0.3622, 0.2974 -0.3463 0.3622, 0.3018 -0.3315 0.3622, 0.2983 -0.3749 0.3622, 0.3018 -0.3794 0.3622, 0.2983 -0.3791 0.3622, 0.2901 -0.3794 0.3622, 0.2964 -0.3624 0.3622, 0.2964 -0.3581 0.3622, 0.2901 -0.3581 0.3622, 0.2901 -0.3463 0.3622, 0.2831 -0.3463 0.3622, 0.2831 -0.3581 0.3622, 0.2901 -0.3791 0.3622, 0.2783 -0.3791 0.3622, 0.2758 -0.3794 0.3622, 0.2783 -0.342 0.3622, 0.2901 -0.342 0.3622, 0.2901 -0.3315 0.3622, 0.3018 -0.0022 0.3622, 0.2901 0.4331 0.3622, 0.2901 -0.0022 0.3622, 0.2758 0.4331 0.3622, 0.2758 -0.0022 0.3622, 0.2553 0.4331 0.3622, 0.2553 -0.0022 0.3622, 0.2467 0.4331 0.3622, 0.2467 -0.0022 0.3622, 0.2298 0.4331 0.3622, 0.1984 0.4331 0.3622, -0.1434 0.4331 0.3622, -0.264 0.3082 0.3622, -0.2654 0.298 0.3622, -0.2837 0.3423 0.3622, -0.2756 0.336 0.3622, -0.2932 0.2702 0.3622, -0.3034 0.2688 0.3622, -0.3937 -0.0022 0.3622, -0.3136 0.2702 0.3622, -0.3937 0.4331 0.3622, -0.3034 0.3476 0.3622, -0.2932 0.3462 0.3622, -0.2693 0.2885 0.3622, -0.2756 0.2804 0.3622, -0.2837 0.2741 0.3622, -0.3375 0.3279 0.3622, -0.3313 0.336 0.3622, -0.2693 0.3279 0.3622, -0.2654 0.3184 0.3622, -0.3231 0.2741 0.3622, -0.3313 0.2804 0.3622, -0.3375 0.2885 0.3622, -0.3231 0.3423 0.3622, -0.3136 0.3462 0.3622, -0.3414 0.298 0.3622, -0.3428 0.3082 0.3622, -0.3414 0.3184 0.3622, 0.1952 -0.3161 0.3622, 0.1952 -0.3203 0.3622, 0.1757 -0.3203 0.3622, 0.1757 -0.2832 0.3622, 0.1805 -0.2832 0.3622, 0.1805 -0.3161 0.3622, 0.1962 -0.3315 0.3622, 0.3428 -0.3791 0.3622, 0.3375 -0.3791 0.3622, 0.3618 -0.3689 0.3622, 0.3464 -0.3689 0.3622, 0.3656 -0.3791 0.3622, 0.3937 -0.3794 0.3622, 0.3567 -0.342 0.3622, 0.3709 -0.3791 0.3622, 0.3344 -0.3668 0.3622, 0.3353 -0.3624 0.3622, 0.3516 -0.342 0.3622, 0.3354 -0.3601 0.3622, 0.3348 -0.3549 0.3622, 0.3326 -0.3706 0.3622, 0.3299 -0.3739 0.3622, 0.326 -0.3767 0.3622, 0.3053 -0.342 0.3622, 0.3053 -0.3791 0.3622, 0.3155 -0.3791 0.3622, 0.3217 -0.3783 0.3622, 0.3299 -0.3469 0.3622, 0.3311 -0.3481 0.3622, 0.3334 -0.3514 0.3622, 0.3158 -0.342 0.3622, 0.3215 -0.3426 0.3622, 0.326 -0.3443 0.3622, 0.1962 -0.3794 0.3622, 0.1757 -0.3791 0.3622, 0.1956 -0.3791 0.3622, 0.1956 -0.3749 0.3622, 0.1948 -0.3463 0.3622, 0.1757 -0.342 0.3622, 0.1948 -0.342 0.3622, 0.1805 -0.3624 0.3622, 0.1805 -0.3749 0.3622, 0.1937 -0.3624 0.3622, 0.1937 -0.3581 0.3622, 0.1805 -0.3581 0.3622, 0.1805 -0.3463 0.3622, 0.2901 -0.3941 0.3622, 0.3018 -0.3941 0.3622, 0.3937 -0.3941 0.3622, 0.1962 -0.3941 0.3622, 0.1962 -0.4331 0.3622, 0.1984 -0.4331 0.3622, 0.2298 -0.4331 0.3622, 0.2467 -0.4331 0.3622, 0.2553 -0.4331 0.3622, 0.2758 -0.4331 0.3622, 0.2901 -0.4331 0.3622, 0.3018 -0.4331 0.3622, 0.3937 -0.4331 0.3622, -0.3937 -0.2829 0.3622, -0.3937 -0.3206 0.3622, -0.3937 -0.3315 0.3622, -0.3937 -0.3794 0.3622, -0.3937 -0.3941 0.3622, -0.3937 -0.4331 0.3622, -0.0492 0.4134 0.0, -0.1476 0.4134 0.0, -0.0492 0.4331 0.0, -0.1476 0.4331 0.0, -0.0492 0.4134 -0.0315, -0.1476 0.4134 -0.0315, -0.1476 0.4134 -0.0315
            ]
        }
        coordIndex [
            0,1,2,-1,3,4,5,-1,4,6,7,-1,8,9,10,-1,11,12,13,-1,14,15,16,-1,17,18,19,-1,20,21,22,-1,23,24,25,-1,26,27,28,-1,28,27,29,-1,30,31,28,-1,28,31,32,-1,28,32,33,-1,33,34,28,-1,28,34,35,-1,28,35,26,-1,36,37,38,-1,38,37,5,-1,5,37,39,-1,5,39,40,-1,36,38,41,-1,41,38,42,-1,41,42,43,-1,44,45,42,-1,42,45,46,-1,42,46,47,-1,42,48,43,-1,43,48,49,-1,43,49,50,-1,50,49,51,-1,50,51,52,-1,47,53,42,-1,42,53,54,-1,42,54,48,-1,55,56,57,-1,55,57,58,-1,56,59,57,-1,57,59,60,-1,57,60,61,-1,61,60,62,-1,62,63,61,-1,61,63,64,-1,61,64,44,-1,44,64,65,-1,44,65,45,-1,66,58,67,-1,67,58,57,-1,67,57,68,-1,68,57,69,-1,68,69,70,-1,70,69,71,-1,72,73,74,-1,73,75,74,-1,74,75,76,-1,74,76,77,-1,77,76,78,-1,77,78,69,-1,69,78,79,-1,69,79,71,-1,24,80,81,-1,80,82,81,-1,81,82,83,-1,81,83,72,-1,84,85,86,-1,87,88,89,-1,89,88,90,-1,91,92,23,-1,23,92,93,-1,94,95,88,-1,88,95,96,-1,88,96,97,-1,98,99,100,-1,100,99,101,-1,100,101,102,-1,103,104,105,-1,105,104,106,-1,107,97,108,-1,108,97,109,-1,108,109,100,-1,100,109,110,-1,100,110,98,-1,111,112,25,-1,25,112,113,-1,25,113,114,-1,86,85,25,-1,25,85,115,-1,25,115,111,-1,106,116,105,-1,105,116,117,-1,105,117,118,-1,107,119,97,-1,97,119,120,-1,97,120,88,-1,88,120,121,-1,88,121,90,-1,114,122,25,-1,25,122,123,-1,25,123,23,-1,23,123,124,-1,23,124,91,-1,125,126,127,-1,127,126,128,-1,127,128,105,-1,105,128,129,-1,105,129,103,-1,93,130,23,-1,23,130,131,-1,23,131,132,-1,132,131,125,-1,132,125,133,-1,133,125,127,-1,134,135,105,-1,105,135,136,-1,105,136,88,-1,88,136,137,-1,88,137,94,-1,118,138,105,-1,105,138,139,-1,105,139,140,-1,140,141,105,-1,105,141,142,-1,105,142,134,-1,143,144,145,-1,144,97,145,-1,145,97,96,-1,145,96,146,-1,146,96,147,-1,147,148,146,-1,146,148,149,-1,146,149,150,-1,151,152,153,-1,152,154,153,-1,153,154,155,-1,153,155,156,-1,157,153,158,-1,143,145,157,-1,157,145,159,-1,157,159,153,-1,153,159,160,-1,153,160,151,-1,158,161,157,-1,157,161,162,-1,157,162,163,-1,156,155,164,-1,164,155,165,-1,164,165,166,-1,166,165,167,-1,166,167,168,-1,169,170,163,-1,163,170,171,-1,163,171,157,-1,27,172,29,-1,29,172,173,-1,29,173,86,-1,86,173,174,-1,86,174,84,-1,20,2,175,-1,175,2,1,-1,175,1,176,-1,176,1,177,-1,176,177,178,-1,179,180,181,-1,20,22,2,-1,2,22,182,-1,2,182,179,-1,181,180,183,-1,183,180,184,-1,183,184,178,-1,178,184,185,-1,178,185,176,-1,186,187,188,-1,188,187,189,-1,190,191,192,-1,192,191,193,-1,192,194,190,-1,190,194,195,-1,190,195,196,-1,196,195,197,-1,196,197,198,-1,186,188,199,-1,199,188,195,-1,199,195,200,-1,200,195,194,-1,200,194,201,-1,194,202,201,-1,201,202,203,-1,201,203,204,-1,193,191,205,-1,205,191,206,-1,205,206,207,-1,208,206,209,-1,209,206,210,-1,197,211,198,-1,198,211,207,-1,198,207,19,-1,19,207,206,-1,19,206,212,-1,212,206,208,-1,17,19,213,-1,214,215,212,-1,212,215,216,-1,212,216,19,-1,19,216,217,-1,19,217,213,-1,218,219,212,-1,212,219,220,-1,212,220,221,-1,221,222,212,-1,212,222,223,-1,212,223,214,-1,224,225,226,-1,226,225,227,-1,226,227,228,-1,224,229,225,-1,225,229,230,-1,225,230,231,-1,231,230,232,-1,231,232,233,-1,228,234,226,-1,226,234,235,-1,226,235,212,-1,212,235,236,-1,212,236,218,-1,16,15,237,-1,237,15,238,-1,237,238,239,-1,239,238,240,-1,239,240,210,-1,241,242,16,-1,16,242,243,-1,16,243,244,-1,244,245,16,-1,16,245,246,-1,16,246,14,-1,247,248,249,-1,249,248,250,-1,250,251,3,-1,252,253,254,-1,254,253,255,-1,254,255,256,-1,256,257,254,-1,254,257,258,-1,254,258,259,-1,260,261,252,-1,252,261,262,-1,252,262,253,-1,263,264,181,-1,265,266,183,-1,183,266,267,-1,268,269,270,-1,270,269,181,-1,270,181,271,-1,271,181,264,-1,267,272,183,-1,183,272,273,-1,183,273,274,-1,274,275,183,-1,183,275,276,-1,183,276,181,-1,181,276,277,-1,181,277,263,-1,190,278,265,-1,265,278,279,-1,265,279,266,-1,268,280,269,-1,269,280,281,-1,269,281,196,-1,196,281,282,-1,196,282,190,-1,190,282,283,-1,190,283,278,-1,284,285,286,-1,286,285,287,-1,288,289,290,-1,290,289,291,-1,292,293,294,-1,294,295,296,-1,252,297,298,-1,299,300,288,-1,288,300,301,-1,284,302,285,-1,285,302,303,-1,285,303,304,-1,304,303,305,-1,304,305,306,-1,301,307,288,-1,288,307,308,-1,288,308,289,-1,293,309,294,-1,294,309,310,-1,294,310,295,-1,311,312,313,-1,313,312,314,-1,313,314,315,-1,316,317,305,-1,305,317,318,-1,296,319,294,-1,294,319,320,-1,294,320,252,-1,252,320,287,-1,252,287,297,-1,297,287,285,-1,311,321,312,-1,312,321,322,-1,312,322,323,-1,298,324,252,-1,252,324,325,-1,252,325,326,-1,318,327,305,-1,305,327,328,-1,305,328,329,-1,329,330,305,-1,305,330,331,-1,305,331,306,-1,332,333,334,-1,334,333,335,-1,334,335,323,-1,323,335,336,-1,323,336,312,-1,337,338,339,-1,339,338,340,-1,339,340,341,-1,342,343,344,-1,344,343,345,-1,337,332,338,-1,338,332,334,-1,338,334,346,-1,346,334,290,-1,346,290,347,-1,347,290,291,-1,347,291,348,-1,348,291,349,-1,350,349,351,-1,351,349,291,-1,351,291,344,-1,344,291,289,-1,344,289,342,-1,350,351,12,-1,12,351,352,-1,12,352,13,-1,353,354,13,-1,355,356,260,-1,326,313,252,-1,252,313,315,-1,252,315,260,-1,260,315,357,-1,260,357,355,-1,358,359,13,-1,13,359,360,-1,356,361,260,-1,260,361,362,-1,260,362,363,-1,363,362,364,-1,363,364,353,-1,365,366,354,-1,354,366,367,-1,354,367,13,-1,13,367,368,-1,13,368,358,-1,360,369,13,-1,13,369,370,-1,13,370,11,-1,371,372,373,-1,373,372,374,-1,373,374,375,-1,373,376,371,-1,371,376,377,-1,371,377,378,-1,378,379,371,-1,371,379,380,-1,371,380,381,-1,381,380,382,-1,381,382,383,-1,383,382,384,-1,383,384,354,-1,354,384,385,-1,354,385,365,-1,386,387,375,-1,375,387,388,-1,375,388,373,-1,389,390,341,-1,341,390,391,-1,341,391,339,-1,389,392,390,-1,390,392,393,-1,390,393,394,-1,394,393,395,-1,394,396,397,-1,395,398,394,-1,394,398,399,-1,394,399,400,-1,400,401,394,-1,394,401,402,-1,394,402,396,-1,397,403,394,-1,394,403,404,-1,394,404,405,-1,406,407,408,-1,409,410,411,-1,408,412,406,-1,406,412,413,-1,406,413,414,-1,414,413,409,-1,414,409,415,-1,415,409,411,-1,416,417,13,-1,353,13,363,-1,363,13,417,-1,363,417,412,-1,412,417,418,-1,412,418,413,-1,419,420,416,-1,421,422,423,-1,423,422,424,-1,423,424,419,-1,419,416,423,-1,423,416,13,-1,423,13,425,-1,425,13,352,-1,425,352,426,-1,425,427,423,-1,423,427,428,-1,423,428,429,-1,430,431,432,-1,432,431,433,-1,432,433,352,-1,352,433,434,-1,352,434,426,-1,429,435,423,-1,423,435,436,-1,423,436,421,-1,437,438,439,-1,437,439,440,-1,438,441,439,-1,439,441,442,-1,439,442,432,-1,432,442,443,-1,432,443,430,-1,444,445,446,-1,446,445,447,-1,448,449,450,-1,450,449,451,-1,450,451,452,-1,452,451,453,-1,452,453,454,-1,444,446,455,-1,455,446,451,-1,455,451,456,-1,456,451,449,-1,456,449,457,-1,449,458,457,-1,457,458,459,-1,457,459,460,-1,453,461,454,-1,454,461,462,-1,454,462,463,-1,463,462,464,-1,448,450,465,-1,465,450,466,-1,465,466,464,-1,464,466,408,-1,464,408,463,-1,463,408,407,-1,463,407,440,-1,8,10,467,-1,467,10,468,-1,467,468,469,-1,469,468,470,-1,469,470,471,-1,471,470,472,-1,471,472,473,-1,473,472,474,-1,473,474,475,-1,475,474,476,-1,475,476,239,-1,239,476,477,-1,239,477,237,-1,4,7,5,-1,5,7,478,-1,5,478,38,-1,38,478,479,-1,38,479,480,-1,478,481,482,-1,483,484,485,-1,485,484,486,-1,487,488,478,-1,478,488,489,-1,478,489,481,-1,480,490,38,-1,38,490,491,-1,38,491,492,-1,487,493,494,-1,482,495,478,-1,478,495,496,-1,478,496,479,-1,486,497,485,-1,485,497,498,-1,485,498,499,-1,494,500,487,-1,487,500,501,-1,487,501,488,-1,499,502,485,-1,485,502,503,-1,485,503,487,-1,487,503,504,-1,487,504,493,-1,210,206,239,-1,239,206,191,-1,239,191,475,-1,475,191,190,-1,475,190,473,-1,473,190,265,-1,473,265,471,-1,471,265,183,-1,471,183,469,-1,469,183,178,-1,469,178,467,-1,467,178,177,-1,467,177,8,-1,477,6,237,-1,237,6,4,-1,237,4,16,-1,16,4,3,-1,16,3,241,-1,241,3,251,-1,250,3,249,-1,249,3,505,-1,249,505,506,-1,29,507,28,-1,28,507,508,-1,28,508,509,-1,510,505,509,-1,509,505,3,-1,509,3,28,-1,28,3,5,-1,28,5,30,-1,30,5,40,-1,450,181,466,-1,466,181,269,-1,466,269,408,-1,408,269,196,-1,408,196,412,-1,412,196,198,-1,412,198,363,-1,363,198,19,-1,363,19,260,-1,260,19,18,-1,260,18,261,-1,506,507,249,-1,249,507,29,-1,249,29,511,-1,511,29,86,-1,512,513,452,-1,514,515,516,-1,516,515,512,-1,516,512,517,-1,517,512,452,-1,0,518,517,-1,517,518,519,-1,517,519,516,-1,520,513,521,-1,521,513,522,-1,521,522,523,-1,523,522,524,-1,520,525,513,-1,513,525,526,-1,513,526,527,-1,179,181,2,-1,2,181,450,-1,2,450,0,-1,0,450,522,-1,0,522,518,-1,528,450,529,-1,529,450,452,-1,529,452,530,-1,530,452,513,-1,530,513,531,-1,531,513,527,-1,532,533,522,-1,522,533,534,-1,522,534,524,-1,528,535,450,-1,450,535,536,-1,450,536,522,-1,522,536,537,-1,522,537,532,-1,259,247,254,-1,254,247,249,-1,254,249,252,-1,252,249,511,-1,252,511,294,-1,294,511,538,-1,25,538,539,-1,539,538,540,-1,540,538,541,-1,541,538,511,-1,541,511,542,-1,25,539,86,-1,86,539,543,-1,86,543,511,-1,511,543,544,-1,511,544,542,-1,545,546,547,-1,547,546,541,-1,547,541,548,-1,548,541,542,-1,548,542,549,-1,549,542,550,-1,440,439,463,-1,463,439,551,-1,463,551,454,-1,454,551,552,-1,454,552,452,-1,452,552,553,-1,452,553,517,-1,24,81,25,-1,25,81,554,-1,25,554,538,-1,538,554,344,-1,538,344,294,-1,294,344,345,-1,294,345,292,-1,72,74,81,-1,81,74,555,-1,81,555,554,-1,554,555,556,-1,554,556,344,-1,344,556,557,-1,344,557,351,-1,351,557,558,-1,351,558,352,-1,352,558,559,-1,352,559,432,-1,432,559,560,-1,432,560,439,-1,439,560,561,-1,439,561,551,-1,551,561,562,-1,551,562,552,-1,552,562,563,-1,552,563,553,-1,492,483,38,-1,38,483,485,-1,38,485,42,-1,42,485,564,-1,42,564,44,-1,44,564,565,-1,44,565,61,-1,61,565,566,-1,61,566,57,-1,57,566,567,-1,57,567,69,-1,69,567,568,-1,69,568,77,-1,77,568,569,-1,570,571,572,-1,572,571,573,-1,574,575,570,-1,570,575,571,-1,
        ]
    }
}
Shape{
    appearance Appearance {
        material  Material 	{
            diffuseColor 0.6666666666666666 0.6980392156862745 0.7686274509803922
            specularColor 0.3333333333333333 0.34901960784313724 0.3843137254901961
            ambientIntensity 0.2
            transparency 0
            shininess 0.5
        }
    }
    geometry IndexedFaceSet {
        ccw TRUE
        solid FALSE
        coord DEF co Coordinate {
            point [
                -0.3976 0.2461 -0.0354, -0.1476 0.2461 -0.0354, -0.374 0.2461 -0.0315, -0.1476 0.2461 -0.0315, -0.3937 0.2461 0.0472, -0.3976 0.2461 0.0472, -0.3937 0.2461 0.0, -0.374 0.2461 0.0, -0.2461 0.437 -0.0354, -0.1476 0.437 -0.0354, -0.2461 0.3445 -0.0354, -0.3976 0.3445 -0.0354, -0.3976 0.3445 -0.0354
            ]
        }
        coordIndex [
            0,1,2,-1,2,1,3,-1,4,5,6,-1,6,5,0,-1,6,0,7,-1,7,0,2,-1,8,9,10,-1,10,9,1,-1,10,1,11,-1,11,1,0,-1,
        ]
    }
}
Shape{
    appearance Appearance {
        material  Material 	{
            diffuseColor 0.2235294117647059 0.2235294117647059 0.2235294117647059
            specularColor 0.11372549019607843 0.11372549019607843 0.11372549019607843
            ambientIntensity 0.2
            transparency 0
            shininess 0.5
        }
    }
    geometry IndexedFaceSet {
        ccw TRUE
        solid FALSE
        coord DEF co Coordinate {
            point [
                0.1476 0.2461 -0.0315, 0.374 0.2461 -0.0315, 0.374 0.1476 -0.0315, -0.1319 -0.0492 -0.0315, -0.374 -0.0492 -0.0315, -0.374 0.0492 -0.0315, -0.1476 -0.4134 -0.0315, -0.1476 -0.3445 -0.0315, -0.1319 -0.3445 -0.0315, 0.374 -0.1476 -0.0315, 0.374 -0.2461 -0.0315, 0.1319 -0.1476 -0.0315, 0.1319 -0.2461 -0.0315, 0.374 0.0492 -0.0315, 0.374 -0.0492 -0.0315, 0.1319 0.0492 -0.0315, 0.1319 -0.0492 -0.0315, 0.1476 -0.3445 -0.0315, 0.1476 -0.4134 -0.0315, 0.1319 -0.3445 -0.0315, -0.1319 -0.2461 -0.0315, -0.1476 0.2461 -0.0315, -0.1476 0.4134 -0.0315, -0.0492 0.4134 -0.0315, 0.1319 0.1476 -0.0315, 0.0389 0.2678 -0.0315, 0.0445 0.2767 -0.0315, -0.374 0.1476 -0.0315, -0.374 0.2461 -0.0315, -0.1713 0.1476 -0.0315, -0.1319 0.1083 -0.0315, -0.1319 0.0492 -0.0315, -0.0492 0.2972 -0.0315, -0.048 0.2867 -0.0315, -0.0445 0.2767 -0.0315, -0.0125 0.2512 -0.0315, -0.002 0.25 -0.0315, 0.0492 0.4134 -0.0315, 0.1476 0.4134 -0.0315, 0.0492 0.2972 -0.0315, 0.048 0.2867 -0.0315, -0.0389 0.2678 -0.0315, -0.0314 0.2603 -0.0315, -0.0225 0.2547 -0.0315, 0.002 0.25 -0.0315, 0.0125 0.2512 -0.0315, 0.0225 0.2547 -0.0315, 0.0314 0.2603 -0.0315, -0.374 -0.2461 -0.0315, -0.374 -0.1476 -0.0315, -0.1319 -0.1476 -0.0315, -0.2461 -0.4134 -0.0315, -0.374 -0.4134 -0.0315, -0.2461 -0.3445 -0.0315, -0.374 -0.3445 -0.0315, 0.1476 -0.4134 0.0, 0.1476 -0.4331 0.0, -0.1476 -0.4134 0.0, -0.1476 -0.4331 0.0, -0.2461 -0.4134 0.0, -0.2461 -0.4331 0.0, -0.374 -0.4134 0.0, -0.3937 -0.4331 0.0, -0.374 -0.3445 0.0, -0.3937 -0.3445 0.0, 0.2461 -0.4331 0.0, 0.3937 -0.4331 0.0, 0.2461 -0.4331 0.0472, 0.3937 -0.4331 0.3622, 0.1476 -0.4331 0.0472, -0.3937 -0.4331 0.3622, -0.2461 -0.4331 0.0472, -0.1476 -0.4331 0.0472, -0.1476 -0.4331 0.0472
            ]
        }
        coordIndex [
            0,1,2,-1,3,4,5,-1,6,7,8,-1,9,10,11,-1,11,10,12,-1,13,14,15,-1,15,14,16,-1,17,18,19,-1,19,18,6,-1,20,16,8,-1,8,16,11,-1,8,11,6,-1,6,11,12,-1,6,12,19,-1,21,22,23,-1,2,24,0,-1,0,24,25,-1,0,25,26,-1,27,28,29,-1,29,28,21,-1,29,21,30,-1,30,21,16,-1,30,16,31,-1,23,32,21,-1,21,32,33,-1,21,33,34,-1,16,35,36,-1,37,38,39,-1,39,38,0,-1,39,0,40,-1,40,0,26,-1,34,41,21,-1,21,41,42,-1,21,42,16,-1,16,42,43,-1,16,43,35,-1,36,44,16,-1,16,44,45,-1,16,45,15,-1,15,45,46,-1,15,46,24,-1,24,46,47,-1,24,47,25,-1,48,49,20,-1,20,49,50,-1,20,50,16,-1,16,50,3,-1,16,3,31,-1,31,3,5,-1,51,52,53,-1,53,52,54,-1,55,56,57,-1,57,56,58,-1,59,60,61,-1,61,60,62,-1,61,62,63,-1,63,62,64,-1,18,55,6,-1,6,55,57,-1,61,52,59,-1,59,52,51,-1,65,66,67,-1,67,66,68,-1,67,68,69,-1,62,60,70,-1,70,60,71,-1,70,71,72,-1,58,56,72,-1,72,56,69,-1,72,69,70,-1,70,69,68,-1,
        ]
    }
}
Shape{
    appearance Appearance {
        material  Material 	{
            diffuseColor 0.6666666666666666 0.6980392156862745 0.7686274509803922
            specularColor 0.3333333333333333 0.34901960784313724 0.3843137254901961
            ambientIntensity 0.2
            transparency 0
            shininess 0.5
        }
    }
    geometry IndexedFaceSet {
        ccw TRUE
        solid FALSE
        coord DEF co Coordinate {
            point [
                -0.1319 -0.3445 -0.0354, -0.1319 -0.3445 -0.0315, -0.1476 -0.3445 -0.0354, -0.1476 -0.3445 -0.0315, -0.3976 -0.3445 -0.0354, -0.2461 -0.3445 -0.0354, -0.374 -0.3445 -0.0315, -0.2461 -0.3445 -0.0315, -0.3937 -0.3445 0.0472, -0.3976 -0.3445 0.0472, -0.3937 -0.3445 0.0, -0.374 -0.3445 0.0, -0.374 -0.3445 0.0
            ]
        }
        coordIndex [
            0,1,2,-1,2,1,3,-1,4,5,6,-1,6,5,7,-1,8,9,10,-1,10,9,4,-1,10,4,11,-1,11,4,6,-1,
        ]
    }
}
Shape{
    appearance Appearance {
        material  Material 	{
            diffuseColor 0.2235294117647059 0.2235294117647059 0.2235294117647059
            specularColor 0.11372549019607843 0.11372549019607843 0.11372549019607843
            ambientIntensity 0.2
            transparency 0
            shininess 0.5
        }
    }
    geometry IndexedFaceSet {
        ccw TRUE
        solid FALSE
        coord DEF co Coordinate {
            point [
                -0.2461 0.3445 -0.0315, -0.374 0.3445 -0.0315, -0.2461 0.4134 -0.0315, -0.374 0.4134 -0.0315, 0.0492 0.4331 0.0, 0.1476 0.4331 0.0, 0.0492 0.4134 0.0, 0.1476 0.4134 0.0, -0.374 0.3445 0.0, -0.3937 0.3445 0.0, -0.374 0.4134 0.0, -0.3937 0.4331 0.0, -0.2461 0.4134 0.0, -0.2461 0.4331 0.0, 0.0492 0.4134 -0.0315, 0.1476 0.4134 -0.0315, 0.1476 0.4331 0.0472, 0.3937 0.4331 0.3622, 0.3937 0.4331 0.0, 0.2461 0.4331 0.0, -0.0492 0.4331 0.0, -0.1476 0.4331 0.0, -0.0492 0.4331 0.0472, -0.1476 0.4331 0.0472, 0.0492 0.4331 0.0472, 0.2461 0.4331 0.0472, -0.2461 0.4331 0.0472, -0.3937 0.4331 0.3622, -0.3937 0.4331 0.3622
            ]
        }
        coordIndex [
            0,1,2,-1,2,1,3,-1,4,5,6,-1,6,5,7,-1,8,9,10,-1,10,9,11,-1,10,11,12,-1,12,11,13,-1,6,7,14,-1,14,7,15,-1,3,10,2,-1,2,10,12,-1,16,5,4,-1,17,18,19,-1,20,21,22,-1,22,21,23,-1,4,24,16,-1,16,24,17,-1,16,17,25,-1,25,17,19,-1,13,11,26,-1,26,11,27,-1,26,27,23,-1,23,27,17,-1,23,17,22,-1,22,17,24,-1,
        ]
    }
}
Shape{
    appearance Appearance {
        material  Material 	{
            diffuseColor 0.6666666666666666 0.6980392156862745 0.7686274509803922
            specularColor 0.3333333333333333 0.34901960784313724 0.3843137254901961
            ambientIntensity 0.2
            transparency 0
            shininess 0.5
        }
    }
    geometry IndexedFaceSet {
        ccw TRUE
        solid FALSE
        coord DEF co Coordinate {
            point [
                -0.3976 0.3445 -0.0354, -0.3976 0.3445 0.0472, -0.3937 0.3445 0.0, -0.3937 0.3445 0.0472, -0.2461 0.3445 -0.0315, -0.2461 0.3445 -0.0354, -0.374 0.3445 -0.0315, -0.374 0.3445 0.0, -0.374 0.3445 0.0
            ]
        }
        coordIndex [
            0,1,2,-1,2,1,3,-1,4,5,6,-1,6,5,0,-1,6,0,7,-1,7,0,2,-1,
        ]
    }
}
Shape{
    appearance Appearance {
        material  Material 	{
            diffuseColor 0.2235294117647059 0.2235294117647059 0.2235294117647059
            specularColor 0.11372549019607843 0.11372549019607843 0.11372549019607843
            ambientIntensity 0.2
            transparency 0
            shininess 0.5
        }
    }
    geometry IndexedFaceSet {
        ccw TRUE
        solid FALSE
        coord DEF co Coordinate {
            point [
                -0.3937 -0.1476 0.0, -0.374 -0.1476 0.0, -0.3937 -0.2461 0.0, -0.374 -0.2461 0.0, -0.3937 -0.1476 0.0472, -0.3937 0.4331 0.0, -0.3937 0.3445 0.0, -0.3937 0.3445 0.0472, -0.3937 0.2461 0.0472, -0.3937 0.2461 0.0, -0.3937 0.1476 0.0, -0.3937 -0.3445 0.0, -0.3937 -0.4331 0.0, -0.3937 -0.3445 0.0472, -0.3937 -0.4331 0.3622, -0.3937 -0.2461 0.0472, -0.3937 0.1476 0.0472, -0.3937 0.0492 0.0472, -0.3937 0.4331 0.3622, -0.3937 -0.0492 0.0472, -0.3937 -0.0492 0.0, -0.3937 0.0492 0.0, -0.374 -0.4134 -0.0315, -0.374 -0.4134 0.0, -0.374 -0.3445 -0.0315, -0.374 -0.3445 0.0, -0.374 -0.1476 -0.0315, -0.374 -0.2461 -0.0315, -0.374 0.0492 0.0, -0.374 -0.0492 0.0, -0.374 0.0492 -0.0315, -0.374 -0.0492 -0.0315, -0.374 0.2461 0.0, -0.374 0.1476 0.0, -0.374 0.2461 -0.0315, -0.374 0.1476 -0.0315, -0.374 0.4134 0.0, -0.374 0.4134 -0.0315, -0.374 0.3445 0.0, -0.374 0.3445 -0.0315, -0.374 0.3445 -0.0315
            ]
        }
        coordIndex [
            0,1,2,-1,2,1,3,-1,4,0,2,-1,5,6,7,-1,8,9,10,-1,11,12,13,-1,13,12,14,-1,13,14,15,-1,16,17,14,-1,10,16,8,-1,8,16,14,-1,8,14,7,-1,7,14,18,-1,7,18,5,-1,2,15,4,-1,4,15,14,-1,4,14,19,-1,19,14,17,-1,19,17,20,-1,20,17,21,-1,22,23,24,-1,24,23,25,-1,1,26,3,-1,3,26,27,-1,21,28,20,-1,20,28,29,-1,28,30,29,-1,29,30,31,-1,9,32,10,-1,10,32,33,-1,32,34,33,-1,33,34,35,-1,36,37,38,-1,38,37,39,-1,
        ]
    }
}
Shape{
    appearance Appearance {
        material  Material 	{
            diffuseColor 0.6666666666666666 0.6980392156862745 0.7686274509803922
            specularColor 0.3333333333333333 0.34901960784313724 0.3843137254901961
            ambientIntensity 0.2
            transparency 0
            shininess 0.5
        }
    }
    geometry IndexedFaceSet {
        ccw TRUE
        solid FALSE
        coord DEF co Coordinate {
            point [
                0.1319 -0.3445 -0.0315, 0.1319 -0.3445 -0.0354, 0.1476 -0.3445 -0.0315, 0.1476 -0.3445 -0.0354, 0.1476 -0.3445 -0.0354
            ]
        }
        coordIndex [
            0,1,2,-1,2,1,3,-1,
        ]
    }
}
Shape{
    appearance Appearance {
        material  Material 	{
            diffuseColor 0.2235294117647059 0.2235294117647059 0.2235294117647059
            specularColor 0.11372549019607843 0.11372549019607843 0.11372549019607843
            ambientIntensity 0.2
            transparency 0
            shininess 0.5
        }
    }
    geometry IndexedFaceSet {
        ccw TRUE
        solid FALSE
        coord DEF co Coordinate {
            point [
                0.374 -0.3445 0.0, 0.3937 -0.3445 0.0, 0.374 -0.4134 0.0, 0.3937 -0.4331 0.0, 0.2461 -0.4134 0.0, 0.2461 -0.4331 0.0, 0.374 -0.3445 -0.0315, 0.374 -0.4134 -0.0315, 0.2461 -0.3445 -0.0315, 0.2461 -0.4134 -0.0315, 0.374 -0.2461 0.0, 0.374 -0.1476 0.0, 0.3937 -0.2461 0.0, 0.3937 -0.1476 0.0, 0.374 -0.2461 -0.0315, 0.374 -0.1476 -0.0315, 0.374 -0.0492 0.0, 0.374 0.0492 0.0, 0.3937 -0.0492 0.0, 0.3937 0.0492 0.0, 0.374 -0.0492 -0.0315, 0.374 0.0492 -0.0315, 0.374 0.1476 0.0, 0.374 0.2461 0.0, 0.3937 0.1476 0.0, 0.3937 0.2461 0.0, 0.374 0.1476 -0.0315, 0.374 0.2461 -0.0315, 0.374 0.3445 -0.0315, 0.374 0.4134 -0.0315, 0.374 0.3445 -0.0, 0.374 0.4134 -0.0, 0.2461 0.4134 0.0, 0.2461 0.4331 0.0, 0.3937 0.4331 0.0, 0.3937 0.3445 0.0, 0.3937 -0.2461 0.0472, 0.3937 -0.3445 0.0472, 0.3937 -0.1476 0.0472, 0.3937 -0.0492 0.0472, 0.3937 0.4331 0.3622, 0.3937 -0.4331 0.3622, 0.3937 0.0492 0.0472, 0.3937 0.1476 0.0472, 0.3937 0.3445 0.0472, 0.3937 0.2461 0.0472, 0.2461 0.4134 -0.0315, 0.2461 0.3445 -0.0315, 0.2461 0.3445 -0.0315
            ]
        }
        coordIndex [
            0,1,2,-1,2,1,3,-1,2,3,4,-1,4,3,5,-1,6,7,8,-1,8,7,9,-1,10,11,12,-1,12,11,13,-1,14,15,10,-1,10,15,11,-1,16,17,18,-1,18,17,19,-1,20,21,16,-1,16,21,17,-1,22,23,24,-1,24,23,25,-1,26,27,22,-1,22,27,23,-1,28,29,30,-1,30,29,31,-1,32,33,31,-1,31,33,34,-1,31,34,30,-1,30,34,35,-1,36,12,13,-1,3,1,37,-1,38,39,40,-1,13,38,36,-1,36,38,40,-1,36,40,37,-1,37,40,41,-1,37,41,3,-1,18,19,39,-1,39,19,42,-1,39,42,40,-1,40,42,43,-1,35,34,44,-1,44,34,40,-1,44,40,45,-1,45,40,43,-1,45,43,25,-1,25,43,24,-1,32,31,46,-1,46,31,29,-1,0,2,6,-1,6,2,7,-1,9,7,4,-1,4,7,2,-1,29,28,46,-1,46,28,47,-1,
        ]
    }
}
Shape{
    appearance Appearance {
        material  Material 	{
            diffuseColor 0.6666666666666666 0.6980392156862745 0.7686274509803922
            specularColor 0.3333333333333333 0.34901960784313724 0.3843137254901961
            ambientIntensity 0.2
            transparency 0
            shininess 0.5
        }
    }
    geometry IndexedFaceSet {
        ccw TRUE
        solid FALSE
        coord DEF co Coordinate {
            point [
                0.3976 0.2461 0.0472, 0.3976 0.3445 0.0472, 0.3937 0.2461 0.0472, 0.3937 0.3445 0.0472, 0.3976 0.3445 -0.0354, 0.2461 0.3445 -0.0354, 0.374 0.3445 -0.0315, 0.2461 0.3445 -0.0315, 0.3937 0.3445 0.0, 0.374 0.3445 -0.0, 0.3976 0.2461 -0.0354, 0.3937 0.2461 0.0, 0.1476 0.2461 -0.0315, 0.1476 0.2461 -0.0354, 0.374 0.2461 -0.0315, 0.374 0.2461 0.0, 0.2461 0.437 -0.0354, 0.1476 0.437 -0.0354, 0.3976 0.0492 0.0472, 0.3976 0.1476 0.0472, 0.3937 0.0492 0.0472, 0.3937 0.1476 0.0472, 0.3976 0.1476 -0.0354, 0.1319 0.1476 -0.0354, 0.374 0.1476 -0.0315, 0.1319 0.1476 -0.0315, 0.3937 0.1476 0.0, 0.374 0.1476 0.0, 0.3976 0.0492 -0.0354, 0.3937 0.0492 0.0, 0.1319 0.0492 -0.0315, 0.1319 0.0492 -0.0354, 0.374 0.0492 -0.0315, 0.374 0.0492 0.0, 0.3976 -0.1476 0.0472, 0.3976 -0.0492 0.0472, 0.3937 -0.1476 0.0472, 0.3937 -0.0492 0.0472, 0.3976 -0.0492 -0.0354, 0.1319 -0.0492 -0.0354, 0.374 -0.0492 -0.0315, 0.1319 -0.0492 -0.0315, 0.3937 -0.0492 0.0, 0.374 -0.0492 0.0, 0.3976 -0.1476 -0.0354, 0.3937 -0.1476 0.0, 0.1319 -0.1476 -0.0315, 0.1319 -0.1476 -0.0354, 0.374 -0.1476 -0.0315, 0.374 -0.1476 0.0, 0.3976 -0.3445 0.0472, 0.3976 -0.2461 0.0472, 0.3937 -0.3445 0.0472, 0.3937 -0.2461 0.0472, 0.3976 -0.2461 -0.0354, 0.1319 -0.2461 -0.0354, 0.374 -0.2461 -0.0315, 0.1319 -0.2461 -0.0315, 0.3937 -0.2461 0.0, 0.374 -0.2461 0.0, 0.3976 -0.3445 -0.0354, 0.3937 -0.3445 0.0, 0.2461 -0.3445 -0.0315, 0.2461 -0.3445 -0.0354, 0.374 -0.3445 -0.0315, 0.374 -0.3445 0.0, 0.1319 -0.3445 -0.0315, 0.1319 -0.3445 -0.0354, 0.1476 -0.3445 -0.0354, 0.1476 -0.4408 -0.0354, 0.2461 -0.4408 -0.0354, 0.2461 0.4331 0.0472, 0.2461 0.437 0.0472, 0.1476 0.4331 0.0472, 0.1476 0.437 0.0472, 0.1476 0.4134 -0.0315, 0.1476 0.4331 0.0, 0.1476 0.4134 0.0, 0.2461 0.4331 0.0, 0.2461 0.4134 -0.0315, 0.2461 0.4134 0.0, 0.1476 -0.4408 0.0472, 0.2461 -0.4408 0.0472, 0.1476 -0.4331 0.0472, 0.2461 -0.4331 0.0472, 0.1476 -0.4331 0.0, 0.1476 -0.3445 -0.0315, 0.1476 -0.4134 -0.0315, 0.1476 -0.4134 0.0, 0.2461 -0.4134 -0.0315, 0.2461 -0.4331 0.0, 0.2461 -0.4134 0.0, -0.3976 0.3445 0.0472, -0.3976 0.2461 0.0472, -0.3937 0.3445 0.0472, -0.3937 0.2461 0.0472, -0.3976 0.2461 -0.0354, -0.3976 0.3445 -0.0354, -0.3976 0.1476 0.0472, -0.3976 0.0492 0.0472, -0.3937 0.1476 0.0472, -0.3937 0.0492 0.0472, -0.374 0.0492 -0.0315, -0.374 0.0492 0.0, -0.3937 0.0492 0.0, -0.3976 0.0492 -0.0354, -0.1319 0.0492 -0.0354, -0.1319 0.0492 -0.0315, -0.3976 0.1476 -0.0354, -0.3937 0.1476 0.0, -0.1713 0.1476 -0.0315, -0.1713 0.1476 -0.0354, -0.374 0.1476 -0.0315, -0.374 0.1476 0.0, -0.1319 0.1083 -0.0315, -0.1319 0.1083 -0.0354, -0.3976 -0.0492 0.0472, -0.3976 -0.1476 0.0472, -0.3937 -0.0492 0.0472, -0.3937 -0.1476 0.0472, -0.374 -0.1476 -0.0315, -0.374 -0.1476 0.0, -0.3937 -0.1476 0.0, -0.3976 -0.1476 -0.0354, -0.1319 -0.1476 -0.0354, -0.1319 -0.1476 -0.0315, -0.3976 -0.0492 -0.0354, -0.3937 -0.0492 0.0, -0.1319 -0.0492 -0.0315, -0.1319 -0.0492 -0.0354, -0.374 -0.0492 -0.0315, -0.374 -0.0492 0.0, -0.3976 -0.2461 0.0472, -0.3976 -0.3445 0.0472, -0.3937 -0.2461 0.0472, -0.3937 -0.3445 0.0472, -0.3976 -0.2461 -0.0354, -0.3937 -0.2461 0.0, -0.1319 -0.2461 -0.0315, -0.1319 -0.2461 -0.0354, -0.374 -0.2461 -0.0315, -0.374 -0.2461 0.0, -0.3976 -0.3445 -0.0354, -0.1319 -0.3445 -0.0354, -0.1319 -0.3445 -0.0315, -0.2461 -0.3445 -0.0354, -0.1476 -0.3445 -0.0354, -0.1476 -0.4408 -0.0354, -0.2461 -0.4408 -0.0354, -0.1476 0.4331 0.0472, -0.1476 0.437 0.0472, -0.2461 0.4331 0.0472, -0.2461 0.437 0.0472, -0.1476 0.437 -0.0354, -0.1476 0.4331 0.0, -0.1476 0.2461 -0.0315, -0.1476 0.2461 -0.0354, -0.1476 0.4134 -0.0315, -0.1476 0.4134 0.0, -0.2461 0.437 -0.0354, -0.2461 0.3445 -0.0354, -0.2461 0.4134 -0.0315, -0.2461 0.3445 -0.0315, -0.2461 0.4331 0.0, -0.2461 0.4134 0.0, -0.2461 -0.4408 0.0472, -0.1476 -0.4408 0.0472, -0.2461 -0.4331 0.0472, -0.1476 -0.4331 0.0472, -0.1476 -0.4134 -0.0315, -0.1476 -0.3445 -0.0315, -0.1476 -0.4331 0.0, -0.1476 -0.4134 0.0, -0.2461 -0.4331 0.0, -0.2461 -0.3445 -0.0315, -0.2461 -0.4134 -0.0315, -0.2461 -0.4134 0.0, 0.0492 0.437 0.0472, -0.0492 0.437 0.0472, 0.0492 0.4331 0.0472, -0.0492 0.4331 0.0472, -0.0492 0.437 -0.0354, -0.0492 0.2972 -0.0354, -0.0492 0.4134 -0.0315, -0.0492 0.2972 -0.0315, -0.0492 0.4331 0.0, -0.0492 0.4134 0.0, -0.048 0.2867 -0.0354, -0.048 0.2867 -0.0315, -0.0445 0.2767 -0.0354, -0.0445 0.2767 -0.0315, -0.0389 0.2678 -0.0354, -0.0389 0.2678 -0.0315, -0.0314 0.2603 -0.0354, -0.0314 0.2603 -0.0315, -0.0225 0.2547 -0.0354, -0.0225 0.2547 -0.0315, -0.0125 0.2512 -0.0354, -0.0125 0.2512 -0.0315, -0.002 0.25 -0.0354, -0.002 0.25 -0.0315, 0.002 0.25 -0.0315, 0.002 0.25 -0.0354, 0.0125 0.2512 -0.0354, 0.0125 0.2512 -0.0315, 0.0225 0.2547 -0.0354, 0.0225 0.2547 -0.0315, 0.0314 0.2603 -0.0354, 0.0314 0.2603 -0.0315, 0.0389 0.2678 -0.0354, 0.0389 0.2678 -0.0315, 0.0445 0.2767 -0.0354, 0.0445 0.2767 -0.0315, 0.048 0.2867 -0.0354, 0.048 0.2867 -0.0315, 0.0492 0.2972 -0.0354, 0.0492 0.2972 -0.0315, 0.0492 0.4331 0.0, 0.0492 0.4134 0.0, 0.0492 0.4134 -0.0315, 0.0492 0.437 -0.0354, 0.0492 0.437 -0.0354
            ]
        }
        coordIndex [
            0,1,2,-1,2,1,3,-1,4,5,6,-1,6,5,7,-1,3,1,8,-1,8,1,4,-1,8,4,9,-1,9,4,6,-1,10,0,11,-1,11,0,2,-1,12,13,14,-1,14,13,10,-1,14,10,15,-1,15,10,11,-1,4,1,10,-1,10,1,0,-1,4,10,5,-1,5,10,13,-1,5,13,16,-1,16,13,17,-1,18,19,20,-1,20,19,21,-1,22,23,24,-1,24,23,25,-1,21,19,26,-1,26,19,22,-1,26,22,27,-1,27,22,24,-1,28,18,29,-1,29,18,20,-1,30,31,32,-1,32,31,28,-1,32,28,33,-1,33,28,29,-1,22,19,28,-1,28,19,18,-1,25,23,30,-1,30,23,31,-1,31,23,28,-1,28,23,22,-1,34,35,36,-1,36,35,37,-1,38,39,40,-1,40,39,41,-1,37,35,42,-1,42,35,38,-1,42,38,43,-1,43,38,40,-1,44,34,45,-1,45,34,36,-1,46,47,48,-1,48,47,44,-1,48,44,49,-1,49,44,45,-1,38,35,44,-1,44,35,34,-1,41,39,46,-1,46,39,47,-1,47,39,44,-1,44,39,38,-1,50,51,52,-1,52,51,53,-1,54,55,56,-1,56,55,57,-1,53,51,58,-1,58,51,54,-1,58,54,59,-1,59,54,56,-1,60,50,61,-1,61,50,52,-1,62,63,64,-1,64,63,60,-1,64,60,65,-1,65,60,61,-1,54,51,60,-1,60,51,50,-1,57,55,66,-1,66,55,67,-1,54,60,55,-1,55,60,63,-1,67,55,68,-1,68,55,63,-1,68,63,69,-1,69,63,70,-1,71,72,73,-1,73,72,74,-1,17,13,75,-1,75,13,12,-1,73,74,76,-1,76,74,17,-1,76,17,77,-1,77,17,75,-1,16,72,78,-1,78,72,71,-1,7,5,79,-1,79,5,16,-1,79,16,80,-1,80,16,78,-1,17,74,16,-1,16,74,72,-1,81,82,83,-1,83,82,84,-1,69,81,85,-1,85,81,83,-1,86,68,87,-1,87,68,69,-1,87,69,88,-1,88,69,85,-1,70,63,89,-1,89,63,62,-1,84,82,90,-1,90,82,70,-1,90,70,91,-1,91,70,89,-1,70,82,69,-1,69,82,81,-1,92,93,94,-1,94,93,95,-1,96,93,97,-1,97,93,92,-1,98,99,100,-1,100,99,101,-1,102,103,104,-1,101,99,104,-1,104,99,105,-1,104,105,102,-1,102,105,106,-1,102,106,107,-1,108,98,109,-1,109,98,100,-1,110,111,112,-1,112,111,108,-1,112,108,113,-1,113,108,109,-1,105,99,108,-1,108,99,98,-1,114,107,115,-1,115,107,106,-1,108,111,105,-1,105,111,115,-1,105,115,106,-1,116,117,118,-1,118,117,119,-1,120,121,122,-1,119,117,122,-1,122,117,123,-1,122,123,120,-1,120,123,124,-1,120,124,125,-1,126,116,127,-1,127,116,118,-1,128,129,130,-1,130,129,126,-1,130,126,131,-1,131,126,127,-1,123,117,126,-1,126,117,116,-1,124,129,125,-1,125,129,128,-1,129,124,126,-1,126,124,123,-1,132,133,134,-1,134,133,135,-1,136,132,137,-1,137,132,134,-1,138,139,140,-1,140,139,136,-1,140,136,141,-1,141,136,137,-1,142,133,136,-1,136,133,132,-1,143,139,144,-1,144,139,138,-1,145,142,136,-1,139,143,146,-1,147,148,146,-1,146,148,145,-1,146,145,139,-1,139,145,136,-1,149,150,151,-1,151,150,152,-1,153,150,154,-1,154,150,149,-1,155,156,157,-1,157,156,153,-1,157,153,158,-1,158,153,154,-1,159,152,153,-1,153,152,150,-1,159,160,161,-1,161,160,162,-1,151,152,163,-1,163,152,159,-1,163,159,164,-1,164,159,161,-1,165,166,167,-1,167,166,168,-1,147,146,169,-1,169,146,170,-1,168,166,171,-1,171,166,147,-1,171,147,172,-1,172,147,169,-1,148,165,173,-1,173,165,167,-1,174,145,175,-1,175,145,148,-1,175,148,176,-1,176,148,173,-1,147,166,148,-1,148,166,165,-1,177,178,179,-1,179,178,180,-1,181,182,183,-1,183,182,184,-1,180,178,185,-1,185,178,181,-1,185,181,186,-1,186,181,183,-1,184,182,187,-1,184,187,188,-1,188,187,189,-1,188,189,190,-1,190,189,191,-1,190,191,192,-1,192,191,193,-1,192,193,194,-1,194,193,195,-1,194,195,196,-1,196,195,197,-1,196,197,198,-1,198,197,199,-1,198,199,200,-1,200,199,201,-1,201,199,202,-1,201,202,203,-1,201,203,204,-1,204,203,205,-1,204,205,206,-1,206,205,207,-1,206,207,208,-1,208,207,209,-1,208,209,210,-1,210,209,211,-1,210,211,212,-1,212,211,213,-1,212,213,214,-1,214,213,215,-1,214,215,216,-1,217,218,219,-1,216,215,219,-1,219,215,220,-1,219,220,217,-1,217,220,177,-1,217,177,179,-1,181,178,220,-1,220,178,177,-1,181,220,182,-1,182,220,215,-1,203,202,182,-1,215,213,182,-1,182,213,211,-1,182,211,209,-1,209,207,182,-1,182,207,205,-1,182,205,203,-1,195,193,197,-1,197,193,191,-1,197,191,189,-1,202,199,182,-1,182,199,197,-1,182,197,187,-1,187,197,189,-1,115,111,114,-1,114,111,110,-1,
        ]
    }
}
Shape{
    appearance Appearance {
        material  Material 	{
            diffuseColor 1.0 1.0 1.0
            specularColor 0.5019607843137255 0.5019607843137255 0.5019607843137255
            ambientIntensity 0.2
            transparency 0
            shininess 0.5
        }
    }
    geometry IndexedFaceSet {
        ccw TRUE
        solid FALSE
        coord DEF co Coordinate {
            point [
                -0.264 0.3082 0.3583, -0.264 0.3082 0.3622, -0.2654 0.3184 0.3583, -0.2654 0.3184 0.3622, -0.2693 0.3279 0.3583, -0.2693 0.3279 0.3622, -0.2756 0.336 0.3583, -0.2756 0.336 0.3622, -0.2837 0.3423 0.3583, -0.2837 0.3423 0.3622, -0.2932 0.3462 0.3583, -0.2932 0.3462 0.3622, -0.3034 0.3476 0.3583, -0.3034 0.3476 0.3622, -0.3136 0.3462 0.3583, -0.3136 0.3462 0.3622, -0.3231 0.3423 0.3583, -0.3231 0.3423 0.3622, -0.3313 0.336 0.3583, -0.3313 0.336 0.3622, -0.3375 0.3279 0.3583, -0.3375 0.3279 0.3622, -0.3414 0.3184 0.3583, -0.3414 0.3184 0.3622, -0.3428 0.3082 0.3583, -0.3428 0.3082 0.3622, -0.3414 0.298 0.3583, -0.3414 0.298 0.3622, -0.3375 0.2885 0.3583, -0.3375 0.2885 0.3622, -0.3313 0.2804 0.3583, -0.3313 0.2804 0.3622, -0.3231 0.2741 0.3583, -0.3231 0.2741 0.3622, -0.3136 0.2702 0.3583, -0.3136 0.2702 0.3622, -0.3034 0.2688 0.3583, -0.3034 0.2688 0.3622, -0.2932 0.2702 0.3583, -0.2932 0.2702 0.3622, -0.2837 0.2741 0.3583, -0.2837 0.2741 0.3622, -0.2756 0.2804 0.3583, -0.2756 0.2804 0.3622, -0.2693 0.2885 0.3583, -0.2693 0.2885 0.3622, -0.2654 0.298 0.3583, -0.2654 0.298 0.3622, -0.3034 0.3082 0.3583, 0.1952 -0.3161 0.3661, 0.1952 -0.3203 0.3661, 0.1952 -0.3161 0.3622, 0.1952 -0.3203 0.3622, 0.1805 -0.3161 0.3661, 0.1805 -0.3161 0.3622, 0.1805 -0.2832 0.3661, 0.1805 -0.2832 0.3622, 0.1757 -0.2832 0.3661, 0.1757 -0.2832 0.3622, 0.1757 -0.3203 0.3661, 0.1757 -0.3203 0.3622, 0.2142 -0.3209 0.3661, 0.2142 -0.3209 0.3622, 0.2199 -0.3204 0.3661, 0.2175 -0.3206 0.3622, 0.2199 -0.3204 0.3622, 0.2239 -0.3191 0.3622, 0.2239 -0.3191 0.3661, 0.2245 -0.3187 0.3622, 0.2245 -0.3187 0.3661, 0.2245 -0.3142 0.3661, 0.2245 -0.3142 0.3622, 0.2209 -0.3158 0.3622, 0.2209 -0.3158 0.3661, 0.2167 -0.3166 0.3622, 0.2167 -0.3166 0.3661, 0.2149 -0.3166 0.3622, 0.2149 -0.3166 0.3661, 0.2111 -0.3162 0.3622, 0.2111 -0.3162 0.3661, 0.2085 -0.3152 0.3622, 0.2085 -0.3152 0.3661, 0.2061 -0.3134 0.3622, 0.2061 -0.3134 0.3661, 0.2054 -0.3127 0.3622, 0.2054 -0.3127 0.3661, 0.2036 -0.3102 0.3622, 0.2036 -0.3102 0.3661, 0.2024 -0.3072 0.3622, 0.2024 -0.3072 0.3661, 0.2018 -0.3035 0.3622, 0.2018 -0.3035 0.3661, 0.2018 -0.3022 0.3622, 0.2018 -0.3022 0.3661, 0.2023 -0.2975 0.3622, 0.2023 -0.2975 0.3661, 0.2034 -0.2942 0.3622, 0.2034 -0.2942 0.3661, 0.2052 -0.2915 0.3622, 0.2052 -0.2915 0.3661, 0.2057 -0.291 0.3622, 0.2057 -0.291 0.3661, 0.2082 -0.2889 0.3622, 0.2082 -0.2889 0.3661, 0.2111 -0.2876 0.3622, 0.2111 -0.2876 0.3661, 0.2143 -0.287 0.3622, 0.2143 -0.287 0.3661, 0.2158 -0.2869 0.3622, 0.2158 -0.2869 0.3661, 0.2203 -0.2875 0.3622, 0.2203 -0.2875 0.3661, 0.2241 -0.2889 0.3622, 0.2241 -0.2889 0.3661, 0.2245 -0.2891 0.3622, 0.2245 -0.2891 0.3661, 0.2245 -0.2841 0.3661, 0.2245 -0.2841 0.3622, 0.2157 -0.2826 0.3622, 0.2157 -0.2826 0.3661, 0.2158 -0.2826 0.3661, 0.2207 -0.283 0.3622, 0.2207 -0.283 0.3661, 0.2196 -0.2829 0.3622, 0.2158 -0.2826 0.3622, 0.2132 -0.2829 0.3622, 0.2103 -0.2833 0.3661, 0.2103 -0.2833 0.3622, 0.2064 -0.2848 0.3622, 0.2064 -0.2848 0.3661, 0.2029 -0.2872 0.3622, 0.2029 -0.2872 0.3661, 0.2021 -0.288 0.3622, 0.2021 -0.288 0.3661, 0.1994 -0.2916 0.3622, 0.1994 -0.2916 0.3661, 0.1984 -0.2939 0.3622, 0.1976 -0.2957 0.3661, 0.1976 -0.2957 0.3622, 0.1968 -0.3005 0.3622, 0.1968 -0.3005 0.3661, 0.1967 -0.3024 0.3622, 0.1967 -0.3024 0.3661, 0.1973 -0.308 0.3622, 0.1973 -0.308 0.3661, 0.1984 -0.3109 0.3622, 0.1988 -0.312 0.3661, 0.1988 -0.312 0.3622, 0.2009 -0.3152 0.3622, 0.2009 -0.3152 0.3661, 0.2015 -0.3158 0.3622, 0.2015 -0.3158 0.3661, 0.212 -0.3208 0.3661, 0.2045 -0.3183 0.3622, 0.2045 -0.3183 0.3661, 0.208 -0.32 0.3622, 0.208 -0.32 0.3661, 0.211 -0.3206 0.3622, 0.212 -0.3208 0.3622, 0.2518 -0.3161 0.3661, 0.2518 -0.3203 0.3661, 0.2518 -0.3161 0.3622, 0.2518 -0.3203 0.3622, 0.2367 -0.3161 0.3622, 0.2367 -0.3161 0.3661, 0.2467 -0.3161 0.3622, 0.2367 -0.3036 0.3661, 0.2367 -0.3036 0.3622, 0.25 -0.3036 0.3661, 0.2467 -0.3036 0.3622, 0.25 -0.3036 0.3622, 0.25 -0.2993 0.3661, 0.25 -0.2993 0.3622, 0.2367 -0.2993 0.3622, 0.2367 -0.2993 0.3661, 0.2467 -0.2993 0.3622, 0.2367 -0.2875 0.3661, 0.2367 -0.2875 0.3622, 0.251 -0.2875 0.3661, 0.2467 -0.2875 0.3622, 0.251 -0.2875 0.3622, 0.251 -0.2832 0.3661, 0.251 -0.2832 0.3622, 0.2319 -0.2832 0.3622, 0.2319 -0.2832 0.3661, 0.2467 -0.2832 0.3622, 0.2319 -0.3203 0.3661, 0.2319 -0.3203 0.3622, 0.2467 -0.3203 0.3622, 0.2819 -0.3099 0.3661, 0.28 -0.3122 0.3661, 0.2834 -0.3151 0.3661, 0.2793 -0.3128 0.3661, 0.2796 -0.3179 0.3661, 0.2769 -0.3144 0.3661, 0.2753 -0.3195 0.3661, 0.2737 -0.3155 0.3661, 0.269 -0.3203 0.3661, 0.269 -0.3161 0.3661, 0.2588 -0.3203 0.3661, 0.2636 -0.3161 0.3661, 0.2588 -0.2832 0.3661, 0.2636 -0.2875 0.3661, 0.2694 -0.2832 0.3661, 0.2692 -0.2875 0.3661, 0.2751 -0.2838 0.3661, 0.274 -0.288 0.3661, 0.2796 -0.2855 0.3661, 0.2772 -0.2892 0.3661, 0.2834 -0.2881 0.3661, 0.2799 -0.291 0.3661, 0.2847 -0.2893 0.3661, 0.2812 -0.2922 0.3661, 0.287 -0.2926 0.3661, 0.2825 -0.2943 0.3661, 0.2884 -0.2961 0.3661, 0.2835 -0.2971 0.3661, 0.289 -0.3013 0.3661, 0.284 -0.3014 0.3661, 0.2889 -0.3036 0.3661, 0.2839 -0.3038 0.3661, 0.288 -0.308 0.3661, 0.2832 -0.3071 0.3661, 0.2862 -0.3118 0.3661, 0.269 -0.3203 0.3622, 0.2588 -0.3203 0.3622, 0.2834 -0.3151 0.3622, 0.2753 -0.3195 0.3622, 0.2758 -0.3193 0.3622, 0.2796 -0.3179 0.3622, 0.2862 -0.3118 0.3622, 0.288 -0.308 0.3622, 0.2889 -0.3036 0.3622, 0.289 -0.3013 0.3622, 0.2884 -0.2961 0.3622, 0.287 -0.2926 0.3622, 0.2847 -0.2893 0.3622, 0.2834 -0.2881 0.3622, 0.2694 -0.2832 0.3622, 0.2796 -0.2855 0.3622, 0.2758 -0.2841 0.3622, 0.2751 -0.2838 0.3622, 0.2588 -0.2832 0.3622, 0.2692 -0.2875 0.3622, 0.2636 -0.2875 0.3622, 0.2636 -0.3161 0.3622, 0.269 -0.3161 0.3622, 0.28 -0.3122 0.3622, 0.2793 -0.3128 0.3622, 0.2769 -0.3144 0.3622, 0.2737 -0.3155 0.3622, 0.284 -0.3014 0.3622, 0.2839 -0.3038 0.3622, 0.2832 -0.3071 0.3622, 0.2819 -0.3099 0.3622, 0.2799 -0.291 0.3622, 0.2812 -0.2922 0.3622, 0.2825 -0.2943 0.3622, 0.2835 -0.2971 0.3622, 0.274 -0.288 0.3622, 0.2772 -0.2892 0.3622, 0.2772 -0.2892 0.3622
            ]
        }
        coordIndex [
            0,1,2,-1,2,1,3,-1,2,3,4,-1,4,3,5,-1,4,5,6,-1,6,5,7,-1,6,7,8,-1,8,7,9,-1,8,9,10,-1,10,9,11,-1,10,11,12,-1,12,11,13,-1,12,13,14,-1,14,13,15,-1,14,15,16,-1,16,15,17,-1,16,17,18,-1,18,17,19,-1,18,19,20,-1,20,19,21,-1,20,21,22,-1,22,21,23,-1,22,23,24,-1,24,23,25,-1,24,25,26,-1,26,25,27,-1,26,27,28,-1,28,27,29,-1,28,29,30,-1,30,29,31,-1,30,31,32,-1,32,31,33,-1,32,33,34,-1,34,33,35,-1,34,35,36,-1,36,35,37,-1,36,37,38,-1,38,37,39,-1,38,39,40,-1,40,39,41,-1,40,41,42,-1,42,41,43,-1,42,43,44,-1,44,43,45,-1,44,45,46,-1,46,45,47,-1,46,47,0,-1,0,47,1,-1,44,46,48,-1,48,46,0,-1,48,0,2,-1,38,40,48,-1,48,40,42,-1,48,42,44,-1,32,34,48,-1,48,34,36,-1,48,36,38,-1,26,28,48,-1,48,28,30,-1,48,30,32,-1,20,22,48,-1,48,22,24,-1,48,24,26,-1,14,16,48,-1,48,16,18,-1,48,18,20,-1,8,10,48,-1,48,10,12,-1,48,12,14,-1,2,4,48,-1,48,4,6,-1,48,6,8,-1,49,50,51,-1,51,50,52,-1,53,49,54,-1,54,49,51,-1,55,53,56,-1,56,53,54,-1,57,55,58,-1,58,55,56,-1,59,57,60,-1,60,57,58,-1,50,59,52,-1,52,59,60,-1,55,57,53,-1,53,57,59,-1,53,59,49,-1,49,59,50,-1,61,62,63,-1,63,62,64,-1,64,65,63,-1,63,65,66,-1,63,66,67,-1,67,66,68,-1,67,68,69,-1,70,69,71,-1,71,69,68,-1,70,71,72,-1,70,72,73,-1,73,72,74,-1,73,74,75,-1,75,74,76,-1,75,76,77,-1,77,76,78,-1,77,78,79,-1,79,78,80,-1,79,80,81,-1,81,80,82,-1,81,82,83,-1,83,82,84,-1,83,84,85,-1,85,84,86,-1,85,86,87,-1,87,86,88,-1,87,88,89,-1,89,88,90,-1,89,90,91,-1,91,90,92,-1,91,92,93,-1,93,92,94,-1,93,94,95,-1,95,94,96,-1,95,96,97,-1,97,96,98,-1,97,98,99,-1,99,98,100,-1,99,100,101,-1,101,100,102,-1,101,102,103,-1,103,102,104,-1,103,104,105,-1,105,104,106,-1,105,106,107,-1,107,106,108,-1,107,108,109,-1,109,108,110,-1,109,110,111,-1,111,110,112,-1,111,112,113,-1,113,112,114,-1,113,114,115,-1,116,115,117,-1,117,115,114,-1,118,119,120,-1,116,117,121,-1,116,121,122,-1,122,121,123,-1,122,123,120,-1,120,123,124,-1,120,124,118,-1,119,118,125,-1,119,125,126,-1,125,127,126,-1,126,127,128,-1,126,128,129,-1,129,128,130,-1,129,130,131,-1,131,130,132,-1,131,132,133,-1,133,132,134,-1,133,134,135,-1,135,134,136,-1,135,136,137,-1,136,138,137,-1,137,138,139,-1,137,139,140,-1,140,139,141,-1,140,141,142,-1,142,141,143,-1,142,143,144,-1,144,143,145,-1,144,145,146,-1,145,147,146,-1,146,147,148,-1,146,148,149,-1,149,148,150,-1,149,150,151,-1,62,61,152,-1,151,150,153,-1,151,153,154,-1,154,153,155,-1,154,155,156,-1,156,155,157,-1,156,157,152,-1,152,157,158,-1,152,158,62,-1,113,115,116,-1,95,97,135,-1,113,116,111,-1,111,116,122,-1,111,122,109,-1,109,122,120,-1,109,120,107,-1,107,120,119,-1,107,119,105,-1,105,119,126,-1,105,126,103,-1,69,70,67,-1,67,70,73,-1,67,73,63,-1,63,73,75,-1,63,75,61,-1,61,75,77,-1,61,77,152,-1,152,77,79,-1,152,79,156,-1,156,79,81,-1,156,81,154,-1,154,81,83,-1,154,83,151,-1,151,83,85,-1,151,85,149,-1,149,85,87,-1,149,87,146,-1,135,97,133,-1,126,129,103,-1,103,129,131,-1,103,131,101,-1,101,131,133,-1,101,133,99,-1,99,133,97,-1,142,93,140,-1,140,93,95,-1,140,95,137,-1,137,95,135,-1,146,87,144,-1,144,87,89,-1,144,89,142,-1,142,89,91,-1,142,91,93,-1,159,160,161,-1,161,160,162,-1,163,164,165,-1,165,164,159,-1,165,159,161,-1,166,164,167,-1,167,164,163,-1,166,167,168,-1,168,167,169,-1,168,169,170,-1,171,168,172,-1,172,168,170,-1,173,174,175,-1,175,174,171,-1,175,171,172,-1,176,174,177,-1,177,174,173,-1,176,177,178,-1,178,177,179,-1,178,179,180,-1,181,178,182,-1,182,178,180,-1,183,184,185,-1,185,184,181,-1,185,181,182,-1,186,184,187,-1,187,184,183,-1,186,187,160,-1,160,187,188,-1,160,188,162,-1,186,160,159,-1,159,164,186,-1,186,164,166,-1,186,166,184,-1,178,181,176,-1,176,181,184,-1,176,184,174,-1,174,184,166,-1,174,166,171,-1,171,166,168,-1,189,190,191,-1,191,190,192,-1,191,192,193,-1,193,192,194,-1,193,194,195,-1,195,194,196,-1,195,196,197,-1,197,196,198,-1,197,198,199,-1,199,198,200,-1,199,200,201,-1,201,200,202,-1,201,202,203,-1,203,202,204,-1,203,204,205,-1,205,204,206,-1,205,206,207,-1,207,206,208,-1,207,208,209,-1,209,208,210,-1,209,210,211,-1,211,210,212,-1,211,212,213,-1,213,212,214,-1,213,214,215,-1,215,214,216,-1,215,216,217,-1,217,216,218,-1,217,218,219,-1,219,218,220,-1,219,220,221,-1,221,220,222,-1,221,222,223,-1,223,222,189,-1,223,189,191,-1,197,199,224,-1,224,199,225,-1,226,191,193,-1,197,224,227,-1,197,227,195,-1,195,227,228,-1,195,228,193,-1,193,228,229,-1,193,229,226,-1,191,226,230,-1,191,230,223,-1,223,230,231,-1,223,231,221,-1,221,231,232,-1,221,232,219,-1,219,232,233,-1,219,233,217,-1,217,233,234,-1,217,234,215,-1,215,234,235,-1,215,235,213,-1,213,235,236,-1,213,236,211,-1,211,236,237,-1,211,237,209,-1,238,203,205,-1,209,237,239,-1,209,239,207,-1,207,239,240,-1,207,240,205,-1,205,240,241,-1,205,241,238,-1,201,203,242,-1,242,203,238,-1,199,201,225,-1,225,201,242,-1,204,202,243,-1,243,202,244,-1,202,200,244,-1,244,200,245,-1,200,198,245,-1,245,198,246,-1,190,247,248,-1,190,248,192,-1,192,248,249,-1,192,249,194,-1,194,249,250,-1,194,250,196,-1,196,250,246,-1,196,246,198,-1,218,251,252,-1,218,252,220,-1,220,252,253,-1,220,253,222,-1,222,253,254,-1,222,254,189,-1,189,254,247,-1,189,247,190,-1,210,255,256,-1,210,256,212,-1,212,256,257,-1,212,257,214,-1,214,257,258,-1,214,258,216,-1,216,258,251,-1,216,251,218,-1,204,243,259,-1,204,259,206,-1,206,259,260,-1,206,260,208,-1,208,260,255,-1,208,255,210,-1,
        ]
    }
}
Shape{
    appearance Appearance {
        material  Material 	{
            diffuseColor 0.2235294117647059 0.2235294117647059 0.2235294117647059
            specularColor 0.11372549019607843 0.11372549019607843 0.11372549019607843
            ambientIntensity 0.2
            transparency 0
            shininess 0.5
        }
    }
    geometry IndexedFaceSet {
        ccw TRUE
        solid FALSE
        coord DEF co Coordinate {
            point [
                0.2636 -0.2875 0.3622, 0.2636 -0.3161 0.3622, 0.2692 -0.2875 0.3622, 0.269 -0.3161 0.3622, 0.2737 -0.3155 0.3622, 0.2769 -0.3144 0.3622, 0.2793 -0.3128 0.3622, 0.28 -0.3122 0.3622, 0.2819 -0.3099 0.3622, 0.2832 -0.3071 0.3622, 0.2839 -0.3038 0.3622, 0.284 -0.3014 0.3622, 0.2835 -0.2971 0.3622, 0.2825 -0.2943 0.3622, 0.2812 -0.2922 0.3622, 0.2799 -0.291 0.3622, 0.274 -0.288 0.3622, 0.2772 -0.2892 0.3622, 0.2772 -0.2892 0.3622
            ]
        }
        coordIndex [
            0,1,2,-1,2,1,3,-1,2,3,4,-1,4,5,2,-1,2,5,6,-1,2,6,7,-1,7,8,2,-1,2,8,9,-1,2,9,10,-1,10,11,2,-1,2,11,12,-1,2,12,13,-1,13,14,2,-1,2,14,15,-1,2,15,16,-1,16,15,17,-1,
        ]
    }
}
Shape{
    appearance Appearance {
        material  Material 	{
            diffuseColor 1.0 1.0 1.0
            specularColor 0.5019607843137255 0.5019607843137255 0.5019607843137255
            ambientIntensity 0.2
            transparency 0
            shininess 0.5
        }
    }
    geometry IndexedFaceSet {
        ccw TRUE
        solid FALSE
        coord DEF co Coordinate {
            point [
                0.3015 -0.306 0.3661, 0.2999 -0.3101 0.3661, 0.3139 -0.306 0.3661, 0.3154 -0.3101 0.3661, 0.307 -0.2905 0.3661, 0.3052 -0.2832 0.3661, 0.2911 -0.3203 0.3661, 0.2964 -0.3203 0.3661, 0.3073 -0.2894 0.3661, 0.3076 -0.2879 0.3661, 0.3103 -0.2832 0.3661, 0.3077 -0.2879 0.3661, 0.308 -0.2895 0.3661, 0.3083 -0.2905 0.3661, 0.3244 -0.3203 0.3661, 0.3192 -0.3203 0.3661, 0.3103 -0.2832 0.3622, 0.3244 -0.3203 0.3622, 0.3052 -0.2832 0.3622, 0.2911 -0.3203 0.3622, 0.3018 -0.2922 0.3622, 0.2964 -0.3203 0.3622, 0.2999 -0.3101 0.3622, 0.3154 -0.3101 0.3622, 0.3018 -0.3101 0.3622, 0.3192 -0.3203 0.3622, 0.3015 -0.306 0.3622, 0.3139 -0.306 0.3622, 0.3083 -0.2905 0.3622, 0.3077 -0.2879 0.3622, 0.308 -0.2895 0.3622, 0.3076 -0.2879 0.3622, 0.307 -0.2905 0.3622, 0.3073 -0.2894 0.3622, 0.3073 -0.2894 0.3622
            ]
        }
        coordIndex [
            0,1,2,-1,2,1,3,-1,4,5,0,-1,0,5,6,-1,0,6,1,-1,1,6,7,-1,4,8,5,-1,5,8,9,-1,5,9,10,-1,10,9,11,-1,10,11,12,-1,12,13,10,-1,10,13,2,-1,10,2,14,-1,14,2,3,-1,14,3,15,-1,10,14,16,-1,16,14,17,-1,5,10,18,-1,18,10,16,-1,19,6,20,-1,20,6,5,-1,20,5,18,-1,7,6,21,-1,21,6,19,-1,1,7,22,-1,22,7,21,-1,23,3,24,-1,24,3,1,-1,24,1,22,-1,15,3,25,-1,25,3,23,-1,14,15,17,-1,17,15,25,-1,0,2,26,-1,26,2,27,-1,2,13,27,-1,27,13,28,-1,11,29,30,-1,11,30,12,-1,12,30,28,-1,12,28,13,-1,11,9,29,-1,29,9,31,-1,4,32,33,-1,4,33,8,-1,8,33,31,-1,8,31,9,-1,4,0,32,-1,32,0,26,-1,
        ]
    }
}
Shape{
    appearance Appearance {
        material  Material 	{
            diffuseColor 0.2235294117647059 0.2235294117647059 0.2235294117647059
            specularColor 0.11372549019607843 0.11372549019607843 0.11372549019607843
            ambientIntensity 0.2
            transparency 0
            shininess 0.5
        }
    }
    geometry IndexedFaceSet {
        ccw TRUE
        solid FALSE
        coord DEF co Coordinate {
            point [
                0.3077 -0.2879 0.3622, 0.3076 -0.2879 0.3622, 0.308 -0.2895 0.3622, 0.3073 -0.2894 0.3622, 0.3083 -0.2905 0.3622, 0.307 -0.2905 0.3622, 0.3139 -0.306 0.3622, 0.3015 -0.306 0.3622, 0.3015 -0.306 0.3622
            ]
        }
        coordIndex [
            0,1,2,-1,2,1,3,-1,2,3,4,-1,4,3,5,-1,4,5,6,-1,6,5,7,-1,
        ]
    }
}
Shape{
    appearance Appearance {
        material  Material 	{
            diffuseColor 1.0 1.0 1.0
            specularColor 0.5019607843137255 0.5019607843137255 0.5019607843137255
            ambientIntensity 0.2
            transparency 0
            shininess 0.5
        }
    }
    geometry IndexedFaceSet {
        ccw TRUE
        solid FALSE
        coord DEF co Coordinate {
            point [
                0.1956 -0.3749 0.3661, 0.1956 -0.3791 0.3661, 0.1956 -0.3749 0.3622, 0.1956 -0.3791 0.3622, 0.1805 -0.3749 0.3661, 0.1805 -0.3749 0.3622, 0.1805 -0.3624 0.3661, 0.1805 -0.3624 0.3622, 0.1937 -0.3624 0.3661, 0.1937 -0.3624 0.3622, 0.1937 -0.3581 0.3661, 0.1937 -0.3581 0.3622, 0.1805 -0.3581 0.3661, 0.1805 -0.3581 0.3622, 0.1805 -0.3463 0.3661, 0.1805 -0.3463 0.3622, 0.1948 -0.3463 0.3661, 0.1948 -0.3463 0.3622, 0.1948 -0.342 0.3661, 0.1948 -0.342 0.3622, 0.1757 -0.342 0.3661, 0.1757 -0.342 0.3622, 0.1757 -0.3791 0.3661, 0.1757 -0.3791 0.3622, 0.2167 -0.3791 0.3661, 0.2213 -0.3791 0.3661, 0.2167 -0.375 0.3661, 0.2213 -0.362 0.3661, 0.2167 -0.3623 0.3661, 0.2066 -0.3678 0.3661, 0.2077 -0.3673 0.3661, 0.2166 -0.375 0.3661, 0.2141 -0.3743 0.3661, 0.2155 -0.3766 0.3661, 0.2128 -0.3752 0.3661, 0.2105 -0.3666 0.3661, 0.2167 -0.3658 0.3661, 0.2167 -0.3683 0.3661, 0.2167 -0.3689 0.3661, 0.2164 -0.3708 0.3661, 0.2157 -0.3724 0.3661, 0.2147 -0.3737 0.3661, 0.2165 -0.3603 0.3661, 0.221 -0.3585 0.3661, 0.2161 -0.3586 0.3661, 0.2202 -0.3564 0.3661, 0.2155 -0.3576 0.3661, 0.2193 -0.3549 0.3661, 0.2148 -0.3569 0.3661, 0.218 -0.3537 0.3661, 0.214 -0.3563 0.3661, 0.2165 -0.3528 0.3661, 0.213 -0.356 0.3661, 0.2145 -0.3522 0.3661, 0.2113 -0.3558 0.3661, 0.2118 -0.352 0.3661, 0.2088 -0.356 0.3661, 0.207 -0.3526 0.3661, 0.2059 -0.3569 0.3661, 0.2035 -0.3539 0.3661, 0.2026 -0.359 0.3661, 0.2026 -0.3545 0.3661, 0.2057 -0.3743 0.3661, 0.2023 -0.3776 0.3661, 0.2061 -0.3747 0.3661, 0.2037 -0.3786 0.3661, 0.207 -0.3753 0.3661, 0.2054 -0.3793 0.3661, 0.2081 -0.3757 0.3661, 0.2075 -0.3797 0.3661, 0.2097 -0.3759 0.3661, 0.2084 -0.3797 0.3661, 0.211 -0.3794 0.3661, 0.2113 -0.3757 0.3661, 0.2129 -0.3787 0.3661, 0.2139 -0.378 0.3661, 0.2048 -0.3709 0.3661, 0.2001 -0.3714 0.3661, 0.2048 -0.3716 0.3661, 0.2001 -0.372 0.3661, 0.2049 -0.3727 0.3661, 0.2003 -0.3743 0.3661, 0.2052 -0.3735 0.3661, 0.2009 -0.3758 0.3661, 0.2019 -0.3772 0.3661, 0.2088 -0.3634 0.3661, 0.2053 -0.3642 0.3661, 0.206 -0.3683 0.3661, 0.2033 -0.3652 0.3661, 0.2054 -0.369 0.3661, 0.2019 -0.3665 0.3661, 0.205 -0.3698 0.3661, 0.201 -0.3678 0.3661, 0.2004 -0.3694 0.3661, 0.2118 -0.352 0.3622, 0.207 -0.3526 0.3622, 0.2035 -0.3539 0.3622, 0.2026 -0.3545 0.3622, 0.2026 -0.359 0.3622, 0.2059 -0.3569 0.3622, 0.2088 -0.356 0.3622, 0.2113 -0.3558 0.3622, 0.213 -0.356 0.3622, 0.214 -0.3563 0.3622, 0.2148 -0.3569 0.3622, 0.2155 -0.3576 0.3622, 0.2161 -0.3586 0.3622, 0.2165 -0.3603 0.3622, 0.2167 -0.3623 0.3622, 0.2088 -0.3634 0.3622, 0.2053 -0.3642 0.3622, 0.2033 -0.3652 0.3622, 0.2019 -0.3665 0.3622, 0.201 -0.3678 0.3622, 0.2004 -0.3694 0.3622, 0.2001 -0.3714 0.3622, 0.2001 -0.372 0.3622, 0.2003 -0.3743 0.3622, 0.2009 -0.3758 0.3622, 0.2019 -0.3772 0.3622, 0.2023 -0.3776 0.3622, 0.2084 -0.3797 0.3622, 0.2037 -0.3786 0.3622, 0.2054 -0.3793 0.3622, 0.2059 -0.3794 0.3622, 0.2075 -0.3797 0.3622, 0.211 -0.3794 0.3622, 0.2129 -0.3787 0.3622, 0.2139 -0.378 0.3622, 0.2155 -0.3766 0.3622, 0.2166 -0.375 0.3622, 0.2167 -0.375 0.3622, 0.2167 -0.3791 0.3622, 0.2213 -0.3791 0.3622, 0.2213 -0.362 0.3622, 0.221 -0.3585 0.3622, 0.2202 -0.3564 0.3622, 0.2193 -0.3549 0.3622, 0.218 -0.3537 0.3622, 0.2165 -0.3528 0.3622, 0.2145 -0.3522 0.3622, 0.206 -0.3683 0.3622, 0.2066 -0.3678 0.3622, 0.2077 -0.3673 0.3622, 0.2105 -0.3666 0.3622, 0.2048 -0.3716 0.3622, 0.2048 -0.3709 0.3622, 0.205 -0.3698 0.3622, 0.2054 -0.369 0.3622, 0.2061 -0.3747 0.3622, 0.2057 -0.3743 0.3622, 0.2052 -0.3735 0.3622, 0.2049 -0.3727 0.3622, 0.2097 -0.3759 0.3622, 0.2081 -0.3757 0.3622, 0.207 -0.3753 0.3622, 0.2147 -0.3737 0.3622, 0.2141 -0.3743 0.3622, 0.2128 -0.3752 0.3622, 0.2113 -0.3757 0.3622, 0.2167 -0.3683 0.3622, 0.2167 -0.3689 0.3622, 0.2164 -0.3708 0.3622, 0.2157 -0.3724 0.3622, 0.2167 -0.3658 0.3622, 0.2167 -0.3658 0.3622
            ]
        }
        coordIndex [
            0,1,2,-1,2,1,3,-1,4,0,5,-1,5,0,2,-1,6,4,7,-1,7,4,5,-1,8,6,9,-1,9,6,7,-1,10,8,11,-1,11,8,9,-1,12,10,13,-1,13,10,11,-1,14,12,15,-1,15,12,13,-1,16,14,17,-1,17,14,15,-1,18,16,19,-1,19,16,17,-1,20,18,21,-1,21,18,19,-1,22,20,23,-1,23,20,21,-1,1,22,3,-1,3,22,23,-1,22,1,0,-1,0,4,22,-1,22,4,6,-1,22,6,20,-1,16,18,14,-1,14,18,20,-1,14,20,12,-1,12,20,6,-1,12,6,10,-1,10,6,8,-1,24,25,26,-1,26,25,27,-1,28,29,30,-1,31,32,33,-1,33,32,34,-1,35,36,27,-1,27,36,37,-1,37,38,27,-1,27,38,39,-1,27,39,26,-1,26,39,40,-1,26,40,31,-1,31,40,41,-1,31,41,32,-1,30,35,28,-1,28,35,27,-1,28,27,42,-1,42,27,43,-1,42,43,44,-1,44,43,45,-1,44,45,46,-1,46,45,47,-1,46,47,48,-1,48,47,49,-1,48,49,50,-1,50,49,51,-1,50,51,52,-1,52,51,53,-1,52,53,54,-1,54,53,55,-1,54,55,56,-1,56,55,57,-1,56,57,58,-1,58,57,59,-1,58,59,60,-1,60,59,61,-1,62,63,64,-1,64,63,65,-1,64,65,66,-1,66,65,67,-1,66,67,68,-1,68,67,69,-1,68,69,70,-1,69,71,70,-1,70,71,72,-1,70,72,73,-1,73,72,74,-1,73,74,34,-1,34,74,75,-1,34,75,33,-1,76,77,78,-1,78,77,79,-1,78,79,80,-1,80,79,81,-1,80,81,82,-1,82,81,83,-1,82,83,62,-1,62,83,84,-1,62,84,63,-1,28,85,29,-1,29,85,86,-1,29,86,87,-1,87,86,88,-1,87,88,89,-1,89,88,90,-1,89,90,91,-1,91,90,92,-1,91,92,76,-1,76,92,93,-1,76,93,77,-1,55,94,95,-1,55,95,57,-1,57,95,96,-1,57,96,59,-1,59,96,97,-1,59,97,61,-1,60,61,98,-1,98,61,97,-1,60,98,99,-1,60,99,58,-1,58,99,100,-1,58,100,56,-1,56,100,101,-1,56,101,54,-1,54,101,102,-1,54,102,52,-1,52,102,103,-1,52,103,50,-1,50,103,104,-1,50,104,48,-1,48,104,105,-1,48,105,46,-1,46,105,106,-1,46,106,44,-1,44,106,107,-1,44,107,42,-1,42,107,108,-1,42,108,28,-1,85,28,109,-1,109,28,108,-1,85,109,110,-1,85,110,86,-1,86,110,111,-1,86,111,88,-1,88,111,112,-1,88,112,90,-1,90,112,113,-1,90,113,92,-1,92,113,114,-1,92,114,93,-1,93,114,115,-1,93,115,77,-1,77,115,116,-1,77,116,79,-1,79,116,117,-1,79,117,81,-1,81,117,118,-1,81,118,83,-1,83,118,119,-1,83,119,84,-1,84,119,120,-1,84,120,63,-1,121,71,69,-1,63,120,122,-1,63,122,65,-1,65,122,123,-1,65,123,67,-1,67,123,124,-1,67,124,69,-1,69,124,125,-1,69,125,121,-1,71,121,126,-1,71,126,72,-1,72,126,127,-1,72,127,74,-1,74,127,128,-1,74,128,75,-1,75,128,129,-1,75,129,33,-1,33,129,130,-1,33,130,31,-1,26,31,131,-1,131,31,130,-1,24,26,132,-1,132,26,131,-1,25,24,133,-1,133,24,132,-1,27,25,134,-1,134,25,133,-1,27,134,135,-1,27,135,43,-1,43,135,136,-1,43,136,45,-1,45,136,137,-1,45,137,47,-1,47,137,138,-1,47,138,49,-1,49,138,139,-1,49,139,51,-1,51,139,140,-1,51,140,53,-1,53,140,94,-1,53,94,55,-1,87,141,142,-1,87,142,29,-1,29,142,143,-1,29,143,30,-1,30,143,144,-1,30,144,35,-1,78,145,146,-1,78,146,76,-1,76,146,147,-1,76,147,91,-1,91,147,148,-1,91,148,89,-1,89,148,141,-1,89,141,87,-1,64,149,150,-1,64,150,62,-1,62,150,151,-1,62,151,82,-1,82,151,152,-1,82,152,80,-1,80,152,145,-1,80,145,78,-1,70,153,154,-1,70,154,68,-1,68,154,155,-1,68,155,66,-1,66,155,149,-1,66,149,64,-1,41,156,157,-1,41,157,32,-1,32,157,158,-1,32,158,34,-1,34,158,159,-1,34,159,73,-1,73,159,153,-1,73,153,70,-1,37,160,161,-1,37,161,38,-1,38,161,162,-1,38,162,39,-1,39,162,163,-1,39,163,40,-1,40,163,156,-1,40,156,41,-1,37,36,160,-1,160,36,164,-1,36,35,164,-1,164,35,144,-1,
        ]
    }
}
Shape{
    appearance Appearance {
        material  Material 	{
            diffuseColor 0.2235294117647059 0.2235294117647059 0.2235294117647059
            specularColor 0.11372549019607843 0.11372549019607843 0.11372549019607843
            ambientIntensity 0.2
            transparency 0
            shininess 0.5
        }
    }
    geometry IndexedFaceSet {
        ccw TRUE
        solid FALSE
        coord DEF co Coordinate {
            point [
                0.2167 -0.3658 0.3622, 0.2105 -0.3666 0.3622, 0.2167 -0.3683 0.3622, 0.2077 -0.3673 0.3622, 0.2066 -0.3678 0.3622, 0.206 -0.3683 0.3622, 0.2167 -0.3689 0.3622, 0.2164 -0.3708 0.3622, 0.2054 -0.369 0.3622, 0.2157 -0.3724 0.3622, 0.2057 -0.3743 0.3622, 0.2061 -0.3747 0.3622, 0.2141 -0.3743 0.3622, 0.2052 -0.3735 0.3622, 0.2128 -0.3752 0.3622, 0.2113 -0.3757 0.3622, 0.2097 -0.3759 0.3622, 0.205 -0.3698 0.3622, 0.2048 -0.3709 0.3622, 0.2147 -0.3737 0.3622, 0.2048 -0.3716 0.3622, 0.2049 -0.3727 0.3622, 0.207 -0.3753 0.3622, 0.2081 -0.3757 0.3622, 0.2081 -0.3757 0.3622
            ]
        }
        coordIndex [
            0,1,2,-1,2,1,3,-1,3,4,2,-1,2,4,5,-1,2,5,6,-1,6,5,7,-1,7,5,8,-1,7,8,9,-1,10,11,12,-1,10,12,13,-1,14,12,15,-1,15,12,16,-1,8,17,9,-1,9,17,18,-1,9,18,19,-1,19,18,20,-1,19,20,12,-1,12,20,21,-1,12,21,13,-1,11,22,12,-1,12,22,23,-1,12,23,16,-1,
        ]
    }
}
Shape{
    appearance Appearance {
        material  Material 	{
            diffuseColor 1.0 1.0 1.0
            specularColor 0.5019607843137255 0.5019607843137255 0.5019607843137255
            ambientIntensity 0.2
            transparency 0
            shininess 0.5
        }
    }
    geometry IndexedFaceSet {
        ccw TRUE
        solid FALSE
        coord DEF co Coordinate {
            point [
                0.2276 -0.3734 0.3622, 0.2276 -0.3734 0.3661, 0.2293 -0.3744 0.3661, 0.2353 -0.3759 0.3661, 0.2353 -0.3759 0.3622, 0.2322 -0.3755 0.3622, 0.2322 -0.3755 0.3661, 0.2298 -0.3746 0.3622, 0.2293 -0.3744 0.3622, 0.2276 -0.3782 0.3661, 0.2276 -0.3782 0.3622, 0.2298 -0.3789 0.3622, 0.2308 -0.3793 0.3661, 0.2348 -0.3797 0.3622, 0.2348 -0.3797 0.3661, 0.2318 -0.3794 0.3622, 0.2308 -0.3793 0.3622, 0.2377 -0.3794 0.3622, 0.2387 -0.3793 0.3661, 0.2387 -0.3793 0.3622, 0.2412 -0.3784 0.3622, 0.2412 -0.3784 0.3661, 0.2425 -0.3776 0.3622, 0.2425 -0.3776 0.3661, 0.2438 -0.3765 0.3622, 0.2438 -0.3765 0.3661, 0.2447 -0.3753 0.3622, 0.2447 -0.3753 0.3661, 0.2453 -0.3738 0.3622, 0.2453 -0.3738 0.3661, 0.2455 -0.3719 0.3622, 0.2455 -0.3719 0.3661, 0.2453 -0.3702 0.3622, 0.2453 -0.3702 0.3661, 0.2448 -0.3688 0.3622, 0.2448 -0.3688 0.3661, 0.2439 -0.3675 0.3622, 0.2439 -0.3675 0.3661, 0.2428 -0.3665 0.3622, 0.2428 -0.3665 0.3661, 0.2398 -0.3648 0.3622, 0.2398 -0.3648 0.3661, 0.238 -0.3641 0.3622, 0.238 -0.3641 0.3661, 0.2351 -0.3628 0.3622, 0.2351 -0.3628 0.3661, 0.2334 -0.3618 0.3622, 0.2334 -0.3618 0.3661, 0.233 -0.3613 0.3622, 0.233 -0.3613 0.3661, 0.2327 -0.3607 0.3622, 0.2327 -0.3607 0.3661, 0.2325 -0.36 0.3622, 0.2325 -0.36 0.3661, 0.2324 -0.3593 0.3622, 0.2324 -0.3593 0.3661, 0.2325 -0.3586 0.3622, 0.2325 -0.3586 0.3661, 0.2327 -0.358 0.3622, 0.2327 -0.358 0.3661, 0.2331 -0.3574 0.3622, 0.2331 -0.3574 0.3661, 0.2338 -0.3568 0.3622, 0.2338 -0.3568 0.3661, 0.2349 -0.3562 0.3622, 0.2349 -0.3562 0.3661, 0.2361 -0.3559 0.3622, 0.2361 -0.3559 0.3661, 0.2375 -0.3558 0.3622, 0.2375 -0.3558 0.3661, 0.2408 -0.3562 0.3622, 0.2408 -0.3562 0.3661, 0.2434 -0.3572 0.3622, 0.2434 -0.3572 0.3661, 0.2442 -0.3577 0.3622, 0.2442 -0.3577 0.3661, 0.2442 -0.3532 0.3661, 0.2442 -0.3532 0.3622, 0.2412 -0.3523 0.3622, 0.2412 -0.3523 0.3661, 0.238 -0.352 0.3622, 0.238 -0.352 0.3661, 0.2342 -0.3525 0.3622, 0.2342 -0.3525 0.3661, 0.2317 -0.3534 0.3622, 0.2317 -0.3534 0.3661, 0.2306 -0.3541 0.3622, 0.2306 -0.3541 0.3661, 0.2298 -0.3549 0.3622, 0.2293 -0.3553 0.3661, 0.2293 -0.3553 0.3622, 0.2284 -0.3565 0.3622, 0.2284 -0.3565 0.3661, 0.2278 -0.358 0.3622, 0.2278 -0.358 0.3661, 0.2276 -0.3598 0.3622, 0.2276 -0.3598 0.3661, 0.2278 -0.3615 0.3622, 0.2278 -0.3615 0.3661, 0.2283 -0.3629 0.3622, 0.2283 -0.3629 0.3661, 0.229 -0.3639 0.3622, 0.229 -0.3639 0.3661, 0.2347 -0.3674 0.3622, 0.2347 -0.3674 0.3661, 0.2319 -0.3662 0.3661, 0.2297 -0.3647 0.3622, 0.2297 -0.3647 0.3661, 0.2298 -0.3648 0.3622, 0.2319 -0.3662 0.3622, 0.2377 -0.3687 0.3622, 0.2377 -0.3687 0.3661, 0.2395 -0.3698 0.3622, 0.2395 -0.3698 0.3661, 0.2401 -0.3704 0.3622, 0.2401 -0.3704 0.3661, 0.2405 -0.371 0.3622, 0.2405 -0.371 0.3661, 0.2407 -0.3718 0.3622, 0.2407 -0.3718 0.3661, 0.2407 -0.3723 0.3622, 0.2407 -0.3723 0.3661, 0.2406 -0.3732 0.3622, 0.2406 -0.3732 0.3661, 0.2404 -0.3739 0.3622, 0.2404 -0.3739 0.3661, 0.24 -0.3745 0.3622, 0.24 -0.3745 0.3661, 0.2395 -0.375 0.3622, 0.2395 -0.375 0.3661, 0.239 -0.3752 0.3622, 0.239 -0.3752 0.3661, 0.2378 -0.3757 0.3622, 0.2378 -0.3757 0.3661, 0.2355 -0.3759 0.3622, 0.2355 -0.3759 0.3661, 0.2685 -0.3526 0.3661, 0.2733 -0.3526 0.3661, 0.2685 -0.3526 0.3622, 0.2733 -0.3526 0.3622, 0.2613 -0.3725 0.3661, 0.2613 -0.3725 0.3622, 0.2609 -0.3738 0.3622, 0.2609 -0.3738 0.3661, 0.2607 -0.3747 0.3622, 0.2607 -0.3747 0.3661, 0.2606 -0.3747 0.3661, 0.2606 -0.3747 0.3622, 0.26 -0.3725 0.3661, 0.26 -0.3725 0.3622, 0.2531 -0.3526 0.3661, 0.2553 -0.3591 0.3622, 0.2531 -0.3526 0.3622, 0.2479 -0.3526 0.3661, 0.2479 -0.3526 0.3622, 0.2583 -0.379 0.3661, 0.2553 -0.3715 0.3622, 0.2583 -0.379 0.3622, 0.2563 -0.3838 0.3622, 0.2563 -0.3838 0.3661, 0.2581 -0.3794 0.3622, 0.2554 -0.3855 0.3622, 0.2554 -0.3855 0.3661, 0.2553 -0.3855 0.3622, 0.2545 -0.3865 0.3661, 0.2545 -0.3865 0.3622, 0.2536 -0.3871 0.3622, 0.2536 -0.3871 0.3661, 0.2526 -0.3875 0.3622, 0.2526 -0.3875 0.3661, 0.2515 -0.3876 0.3622, 0.2515 -0.3876 0.3661, 0.25 -0.3874 0.3622, 0.25 -0.3874 0.3661, 0.2489 -0.387 0.3622, 0.2489 -0.387 0.3661, 0.2489 -0.3912 0.3661, 0.2489 -0.3912 0.3622, 0.2502 -0.3915 0.3622, 0.2502 -0.3915 0.3661, 0.2519 -0.3916 0.3622, 0.2519 -0.3916 0.3661, 0.2536 -0.3914 0.3622, 0.2536 -0.3914 0.3661, 0.2553 -0.3907 0.3622, 0.2555 -0.3907 0.3661, 0.2555 -0.3907 0.3622, 0.2571 -0.3896 0.3622, 0.2571 -0.3896 0.3661, 0.2578 -0.3889 0.3622, 0.2578 -0.3889 0.3661, 0.2599 -0.3862 0.3622, 0.2599 -0.3862 0.3661, 0.2613 -0.3831 0.3622, 0.2613 -0.3831 0.3661, 0.2628 -0.3794 0.3622, 0.2983 -0.3749 0.3661, 0.2983 -0.3791 0.3661, 0.2983 -0.3749 0.3622, 0.2983 -0.3791 0.3622, 0.2831 -0.3749 0.3661, 0.2901 -0.3749 0.3622, 0.2831 -0.3749 0.3622, 0.2831 -0.3624 0.3661, 0.2831 -0.3624 0.3622, 0.2964 -0.3624 0.3661, 0.2901 -0.3624 0.3622, 0.2964 -0.3624 0.3622, 0.2964 -0.3581 0.3661, 0.2964 -0.3581 0.3622, 0.2831 -0.3581 0.3622, 0.2831 -0.3581 0.3661, 0.2901 -0.3581 0.3622, 0.2831 -0.3463 0.3661, 0.2831 -0.3463 0.3622, 0.2974 -0.3463 0.3622, 0.2974 -0.3463 0.3661, 0.2901 -0.3463 0.3622, 0.2974 -0.342 0.3661, 0.2974 -0.342 0.3622, 0.2783 -0.342 0.3622, 0.2783 -0.342 0.3661, 0.2901 -0.342 0.3622, 0.2783 -0.3791 0.3661, 0.2783 -0.3791 0.3622, 0.2901 -0.3791 0.3622, 0.3283 -0.3687 0.3661, 0.3265 -0.371 0.3661, 0.3299 -0.3739 0.3661, 0.3258 -0.3716 0.3661, 0.326 -0.3767 0.3661, 0.3233 -0.3732 0.3661, 0.3217 -0.3783 0.3661, 0.3201 -0.3744 0.3661, 0.3155 -0.3791 0.3661, 0.3154 -0.3749 0.3661, 0.3053 -0.3791 0.3661, 0.3101 -0.3749 0.3661, 0.3053 -0.342 0.3661, 0.3101 -0.3463 0.3661, 0.3158 -0.342 0.3661, 0.3157 -0.3463 0.3661, 0.3215 -0.3426 0.3661, 0.3204 -0.3468 0.3661, 0.326 -0.3443 0.3661, 0.3236 -0.348 0.3661, 0.3299 -0.3469 0.3661, 0.3264 -0.3498 0.3661, 0.3311 -0.3481 0.3661, 0.3276 -0.351 0.3661, 0.3334 -0.3514 0.3661, 0.329 -0.3531 0.3661, 0.3348 -0.3549 0.3661, 0.33 -0.3559 0.3661, 0.3354 -0.3601 0.3661, 0.3304 -0.3602 0.3661, 0.3353 -0.3624 0.3661, 0.3303 -0.3626 0.3661, 0.3344 -0.3668 0.3661, 0.3296 -0.366 0.3661, 0.3326 -0.3706 0.3661, 0.3155 -0.3791 0.3622, 0.3053 -0.3791 0.3622, 0.3217 -0.3783 0.3622, 0.326 -0.3767 0.3622, 0.3299 -0.3739 0.3622, 0.3326 -0.3706 0.3622, 0.3344 -0.3668 0.3622, 0.3353 -0.3624 0.3622, 0.3354 -0.3601 0.3622, 0.3348 -0.3549 0.3622, 0.3334 -0.3514 0.3622, 0.3311 -0.3481 0.3622, 0.3299 -0.3469 0.3622, 0.326 -0.3443 0.3622, 0.3215 -0.3426 0.3622, 0.3158 -0.342 0.3622, 0.3053 -0.342 0.3622, 0.3157 -0.3463 0.3622, 0.3101 -0.3463 0.3622, 0.3101 -0.3749 0.3622, 0.3154 -0.3749 0.3622, 0.3265 -0.371 0.3622, 0.3258 -0.3716 0.3622, 0.3233 -0.3732 0.3622, 0.3201 -0.3744 0.3622, 0.3304 -0.3602 0.3622, 0.3303 -0.3626 0.3622, 0.3296 -0.366 0.3622, 0.3283 -0.3687 0.3622, 0.3264 -0.3498 0.3622, 0.3276 -0.351 0.3622, 0.329 -0.3531 0.3622, 0.33 -0.3559 0.3622, 0.3204 -0.3468 0.3622, 0.3236 -0.348 0.3622, 0.3236 -0.348 0.3622
            ]
        }
        coordIndex [
            0,1,2,-1,3,4,5,-1,3,5,6,-1,6,5,7,-1,6,7,2,-1,2,7,8,-1,2,8,0,-1,9,1,10,-1,10,1,0,-1,10,11,9,-1,9,11,12,-1,13,14,15,-1,15,14,12,-1,15,12,16,-1,16,12,11,-1,13,17,14,-1,14,17,18,-1,17,19,18,-1,18,19,20,-1,18,20,21,-1,21,20,22,-1,21,22,23,-1,23,22,24,-1,23,24,25,-1,25,24,26,-1,25,26,27,-1,27,26,28,-1,27,28,29,-1,29,28,30,-1,29,30,31,-1,31,30,32,-1,31,32,33,-1,33,32,34,-1,33,34,35,-1,35,34,36,-1,35,36,37,-1,37,36,38,-1,37,38,39,-1,39,38,40,-1,39,40,41,-1,41,40,42,-1,41,42,43,-1,43,42,44,-1,43,44,45,-1,45,44,46,-1,45,46,47,-1,47,46,48,-1,47,48,49,-1,49,48,50,-1,49,50,51,-1,51,50,52,-1,51,52,53,-1,53,52,54,-1,53,54,55,-1,55,54,56,-1,55,56,57,-1,57,56,58,-1,57,58,59,-1,59,58,60,-1,59,60,61,-1,61,60,62,-1,61,62,63,-1,63,62,64,-1,63,64,65,-1,65,64,66,-1,65,66,67,-1,67,66,68,-1,67,68,69,-1,69,68,70,-1,69,70,71,-1,71,70,72,-1,71,72,73,-1,73,72,74,-1,73,74,75,-1,76,75,77,-1,77,75,74,-1,76,77,78,-1,76,78,79,-1,79,78,80,-1,79,80,81,-1,81,80,82,-1,81,82,83,-1,83,82,84,-1,83,84,85,-1,85,84,86,-1,85,86,87,-1,86,88,87,-1,87,88,89,-1,88,90,89,-1,89,90,91,-1,89,91,92,-1,92,91,93,-1,92,93,94,-1,94,93,95,-1,94,95,96,-1,96,95,97,-1,96,97,98,-1,98,97,99,-1,98,99,100,-1,100,99,101,-1,100,101,102,-1,103,104,105,-1,102,101,106,-1,102,106,107,-1,107,106,108,-1,107,108,105,-1,105,108,109,-1,105,109,103,-1,104,103,110,-1,104,110,111,-1,111,110,112,-1,111,112,113,-1,113,112,114,-1,113,114,115,-1,115,114,116,-1,115,116,117,-1,117,116,118,-1,117,118,119,-1,119,118,120,-1,119,120,121,-1,121,120,122,-1,121,122,123,-1,123,122,124,-1,123,124,125,-1,125,124,126,-1,125,126,127,-1,127,126,128,-1,127,128,129,-1,129,128,130,-1,129,130,131,-1,131,130,132,-1,131,132,133,-1,133,132,134,-1,133,134,135,-1,135,134,4,-1,135,4,3,-1,61,63,85,-1,85,63,83,-1,111,43,104,-1,104,43,45,-1,21,23,127,-1,127,23,25,-1,127,25,125,-1,125,25,27,-1,125,27,123,-1,123,27,29,-1,123,29,121,-1,121,29,31,-1,121,31,119,-1,119,31,33,-1,119,33,117,-1,117,33,35,-1,117,35,115,-1,115,35,37,-1,115,37,113,-1,113,37,39,-1,113,39,111,-1,111,39,41,-1,111,41,43,-1,14,3,12,-1,12,3,6,-1,12,6,9,-1,9,6,2,-1,9,2,1,-1,63,65,83,-1,83,65,67,-1,83,67,81,-1,81,67,69,-1,81,69,79,-1,79,69,71,-1,79,71,76,-1,76,71,73,-1,76,73,75,-1,127,129,21,-1,21,129,131,-1,21,131,18,-1,18,131,133,-1,18,133,14,-1,14,133,135,-1,14,135,3,-1,85,87,61,-1,61,87,89,-1,61,89,59,-1,59,89,92,-1,59,92,57,-1,57,92,94,-1,57,94,55,-1,55,94,96,-1,55,96,53,-1,53,96,98,-1,53,98,51,-1,51,98,100,-1,51,100,49,-1,49,100,102,-1,49,102,47,-1,47,102,107,-1,47,107,45,-1,45,107,105,-1,45,105,104,-1,136,137,138,-1,138,137,139,-1,140,136,141,-1,141,136,138,-1,140,141,142,-1,140,142,143,-1,143,142,144,-1,143,144,145,-1,146,145,147,-1,147,145,144,-1,148,146,149,-1,149,146,147,-1,148,149,150,-1,150,149,151,-1,150,151,152,-1,153,150,154,-1,154,150,152,-1,153,154,155,-1,155,154,156,-1,155,156,157,-1,158,159,160,-1,160,159,155,-1,160,155,157,-1,159,158,161,-1,159,161,162,-1,162,161,163,-1,162,163,164,-1,163,165,164,-1,164,165,166,-1,164,166,167,-1,167,166,168,-1,167,168,169,-1,169,168,170,-1,169,170,171,-1,171,170,172,-1,171,172,173,-1,173,172,174,-1,173,174,175,-1,176,175,177,-1,177,175,174,-1,176,177,178,-1,176,178,179,-1,179,178,180,-1,179,180,181,-1,181,180,182,-1,181,182,183,-1,183,182,184,-1,183,184,185,-1,184,186,185,-1,185,186,187,-1,185,187,188,-1,188,187,189,-1,188,189,190,-1,190,189,191,-1,190,191,192,-1,192,191,193,-1,192,193,194,-1,139,137,195,-1,195,137,194,-1,195,194,193,-1,143,145,194,-1,137,136,194,-1,194,136,140,-1,194,140,143,-1,150,153,148,-1,148,153,155,-1,148,155,146,-1,175,176,173,-1,173,176,179,-1,173,179,171,-1,171,179,181,-1,171,181,169,-1,169,181,183,-1,169,183,167,-1,167,183,185,-1,167,185,164,-1,164,185,188,-1,164,188,162,-1,162,188,190,-1,162,190,159,-1,159,190,192,-1,159,192,155,-1,155,192,194,-1,155,194,146,-1,146,194,145,-1,196,197,198,-1,198,197,199,-1,196,198,200,-1,200,198,201,-1,200,201,202,-1,203,200,204,-1,204,200,202,-1,203,204,205,-1,205,204,206,-1,205,206,207,-1,208,205,209,-1,209,205,207,-1,210,211,212,-1,212,211,208,-1,212,208,209,-1,213,211,214,-1,214,211,210,-1,215,216,217,-1,217,216,213,-1,217,213,214,-1,218,216,219,-1,219,216,215,-1,220,221,222,-1,222,221,218,-1,222,218,219,-1,223,221,224,-1,224,221,220,-1,223,224,197,-1,197,224,225,-1,197,225,199,-1,223,197,196,-1,196,200,223,-1,223,200,203,-1,223,203,221,-1,216,218,213,-1,213,218,221,-1,213,221,211,-1,211,221,203,-1,211,203,208,-1,208,203,205,-1,226,227,228,-1,228,227,229,-1,228,229,230,-1,230,229,231,-1,230,231,232,-1,232,231,233,-1,232,233,234,-1,234,233,235,-1,234,235,236,-1,236,235,237,-1,236,237,238,-1,238,237,239,-1,238,239,240,-1,240,239,241,-1,240,241,242,-1,242,241,243,-1,242,243,244,-1,244,243,245,-1,244,245,246,-1,246,245,247,-1,246,247,248,-1,248,247,249,-1,248,249,250,-1,250,249,251,-1,250,251,252,-1,252,251,253,-1,252,253,254,-1,254,253,255,-1,254,255,256,-1,256,255,257,-1,256,257,258,-1,258,257,259,-1,258,259,260,-1,260,259,226,-1,260,226,228,-1,234,236,261,-1,261,236,262,-1,234,261,263,-1,234,263,232,-1,232,263,264,-1,232,264,230,-1,230,264,265,-1,230,265,228,-1,228,265,266,-1,228,266,260,-1,260,266,267,-1,260,267,258,-1,258,267,268,-1,258,268,256,-1,256,268,269,-1,256,269,254,-1,254,269,270,-1,254,270,252,-1,252,270,271,-1,252,271,250,-1,250,271,272,-1,250,272,248,-1,248,272,273,-1,248,273,246,-1,246,273,274,-1,246,274,244,-1,244,274,275,-1,244,275,242,-1,242,275,276,-1,242,276,240,-1,238,240,277,-1,277,240,276,-1,236,238,262,-1,262,238,277,-1,241,239,278,-1,278,239,279,-1,239,237,279,-1,279,237,280,-1,237,235,280,-1,280,235,281,-1,227,282,283,-1,227,283,229,-1,229,283,284,-1,229,284,231,-1,231,284,285,-1,231,285,233,-1,233,285,281,-1,233,281,235,-1,255,286,287,-1,255,287,257,-1,257,287,288,-1,257,288,259,-1,259,288,289,-1,259,289,226,-1,226,289,282,-1,226,282,227,-1,247,290,291,-1,247,291,249,-1,249,291,292,-1,249,292,251,-1,251,292,293,-1,251,293,253,-1,253,293,286,-1,253,286,255,-1,241,278,294,-1,241,294,243,-1,243,294,295,-1,243,295,245,-1,245,295,290,-1,245,290,247,-1,
        ]
    }
}
Shape{
    appearance Appearance {
        material  Material 	{
            diffuseColor 0.2235294117647059 0.2235294117647059 0.2235294117647059
            specularColor 0.11372549019607843 0.11372549019607843 0.11372549019607843
            ambientIntensity 0.2
            transparency 0
            shininess 0.5
        }
    }
    geometry IndexedFaceSet {
        ccw TRUE
        solid FALSE
        coord DEF co Coordinate {
            point [
                0.3101 -0.3463 0.3622, 0.3101 -0.3749 0.3622, 0.3157 -0.3463 0.3622, 0.3154 -0.3749 0.3622, 0.3201 -0.3744 0.3622, 0.3233 -0.3732 0.3622, 0.3258 -0.3716 0.3622, 0.3265 -0.371 0.3622, 0.3283 -0.3687 0.3622, 0.3296 -0.366 0.3622, 0.3303 -0.3626 0.3622, 0.3304 -0.3602 0.3622, 0.33 -0.3559 0.3622, 0.329 -0.3531 0.3622, 0.3276 -0.351 0.3622, 0.3264 -0.3498 0.3622, 0.3204 -0.3468 0.3622, 0.3236 -0.348 0.3622, 0.3236 -0.348 0.3622
            ]
        }
        coordIndex [
            0,1,2,-1,2,1,3,-1,2,3,4,-1,4,5,2,-1,2,5,6,-1,2,6,7,-1,7,8,2,-1,2,8,9,-1,2,9,10,-1,10,11,2,-1,2,11,12,-1,2,12,13,-1,13,14,2,-1,2,14,15,-1,2,15,16,-1,16,15,17,-1,
        ]
    }
}
Shape{
    appearance Appearance {
        material  Material 	{
            diffuseColor 1.0 1.0 1.0
            specularColor 0.5019607843137255 0.5019607843137255 0.5019607843137255
            ambientIntensity 0.2
            transparency 0
            shininess 0.5
        }
    }
    geometry IndexedFaceSet {
        ccw TRUE
        solid FALSE
        coord DEF co Coordinate {
            point [
                0.3479 -0.3648 0.3661, 0.3464 -0.3689 0.3661, 0.3603 -0.3648 0.3661, 0.3618 -0.3689 0.3661, 0.3534 -0.3494 0.3661, 0.3516 -0.342 0.3661, 0.3375 -0.3791 0.3661, 0.3428 -0.3791 0.3661, 0.3537 -0.3482 0.3661, 0.354 -0.3468 0.3661, 0.3567 -0.342 0.3661, 0.3541 -0.3468 0.3661, 0.3544 -0.3483 0.3661, 0.3547 -0.3494 0.3661, 0.3709 -0.3791 0.3661, 0.3656 -0.3791 0.3661, 0.3567 -0.342 0.3622, 0.3709 -0.3791 0.3622, 0.3516 -0.342 0.3622, 0.3375 -0.3791 0.3622, 0.3428 -0.3791 0.3622, 0.3464 -0.3689 0.3622, 0.3618 -0.3689 0.3622, 0.3656 -0.3791 0.3622, 0.3479 -0.3648 0.3622, 0.3603 -0.3648 0.3622, 0.3547 -0.3494 0.3622, 0.3541 -0.3468 0.3622, 0.3544 -0.3483 0.3622, 0.354 -0.3468 0.3622, 0.3534 -0.3494 0.3622, 0.3537 -0.3482 0.3622, 0.3537 -0.3482 0.3622
            ]
        }
        coordIndex [
            0,1,2,-1,2,1,3,-1,4,5,0,-1,0,5,6,-1,0,6,1,-1,1,6,7,-1,4,8,5,-1,5,8,9,-1,5,9,10,-1,10,9,11,-1,10,11,12,-1,12,13,10,-1,10,13,2,-1,10,2,14,-1,14,2,3,-1,14,3,15,-1,10,14,16,-1,16,14,17,-1,5,10,18,-1,18,10,16,-1,6,5,19,-1,19,5,18,-1,7,6,20,-1,20,6,19,-1,1,7,21,-1,21,7,20,-1,3,1,22,-1,22,1,21,-1,15,3,23,-1,23,3,22,-1,14,15,17,-1,17,15,23,-1,0,2,24,-1,24,2,25,-1,2,13,25,-1,25,13,26,-1,11,27,28,-1,11,28,12,-1,12,28,26,-1,12,26,13,-1,11,9,27,-1,27,9,29,-1,4,30,31,-1,4,31,8,-1,8,31,29,-1,8,29,9,-1,4,0,30,-1,30,0,24,-1,
        ]
    }
}
Shape{
    appearance Appearance {
        material  Material 	{
            diffuseColor 0.2235294117647059 0.2235294117647059 0.2235294117647059
            specularColor 0.11372549019607843 0.11372549019607843 0.11372549019607843
            ambientIntensity 0.2
            transparency 0
            shininess 0.5
        }
    }
    geometry IndexedFaceSet {
        ccw TRUE
        solid FALSE
        coord DEF co Coordinate {
            point [
                0.3541 -0.3468 0.3622, 0.354 -0.3468 0.3622, 0.3544 -0.3483 0.3622, 0.3537 -0.3482 0.3622, 0.3547 -0.3494 0.3622, 0.3534 -0.3494 0.3622, 0.3603 -0.3648 0.3622, 0.3479 -0.3648 0.3622, 0.3479 -0.3648 0.3622
            ]
        }
        coordIndex [
            0,1,2,-1,2,1,3,-1,2,3,4,-1,4,3,5,-1,4,5,6,-1,6,5,7,-1,
        ]
    }
}
Shape{
    appearance Appearance {
        material  Material 	{
            diffuseColor 1.0 1.0 1.0
            specularColor 0.5019607843137255 0.5019607843137255 0.5019607843137255
            ambientIntensity 0.2
            transparency 0
            shininess 0.5
        }
    }
    geometry IndexedFaceSet {
        ccw TRUE
        solid FALSE
        coord DEF co Coordinate {
            point [
                0.0119 -0.3842 0.3661, 0.0158 -0.3891 0.3661, 0.0096 -0.361 0.3661, 0.0052 -0.3151 0.3661, 0.0111 -0.312 0.3661, 0.0094 -0.2959 0.3661, 0.0259 -0.2951 0.3661, 0.0341 -0.3144 0.3661, 0.0381 -0.306 0.3661, 0.0607 -0.3703 0.3661, 0.0607 -0.3676 0.3661, 0.0384 -0.3612 0.3661, 0.0359 -0.3604 0.3661, 0.0199 -0.2946 0.3661, 0.0423 -0.3643 0.3661, 0.0435 -0.3665 0.3661, 0.0606 -0.3727 0.3661, 0.0976 -0.3481 0.3661, 0.0894 -0.3341 0.3661, 0.0541 -0.3526 0.3661, 0.0341 -0.3602 0.3661, 0.0316 -0.3605 0.3661, 0.0282 -0.3444 0.3661, 0.0293 -0.3614 0.3661, 0.0224 -0.3465 0.3661, 0.0272 -0.3629 0.3661, 0.017 -0.3503 0.3661, 0.0259 -0.3643 0.3661, 0.0126 -0.3552 0.3661, 0.0246 -0.3665 0.3661, 0.0239 -0.369 0.3661, 0.044 -0.3454 0.3661, 0.0376 -0.3438 0.3661, 0.0344 -0.3436 0.3661, 0.0405 -0.3625 0.3661, 0.0272 -0.3781 0.3661, 0.0293 -0.3796 0.3661, 0.0209 -0.393 0.3661, 0.0317 -0.3805 0.3661, 0.1063 -0.322 0.3661, 0.1084 -0.322 0.3661, 0.1192 -0.3078 0.3661, 0.1134 -0.3226 0.3661, 0.1204 -0.3082 0.3661, 0.118 -0.3244 0.3661, 0.1283 -0.3121 0.3661, 0.1355 -0.3181 0.3661, 0.0313 -0.2888 0.3661, 0.0441 -0.299 0.3661, 0.0375 -0.2835 0.3661, 0.0511 -0.2938 0.3661, 0.0439 -0.2796 0.3661, 0.0041 -0.3577 0.3661, 0.0059 -0.3777 0.3661, 0.0093 -0.3787 0.3661, 0.0177 -0.3105 0.3661, 0.0201 -0.3104 0.3661, 0.0229 -0.2948 0.3661, 0.0261 -0.3111 0.3661, 0.032 -0.3132 0.3661, 0.0496 -0.3484 0.3661, 0.1221 -0.3273 0.3661, 0.1252 -0.3307 0.3661, 0.1408 -0.3256 0.3661, 0.1276 -0.3353 0.3661, 0.1441 -0.3336 0.3661, 0.1453 -0.3423 0.3661, 0.1288 -0.3403 0.3661, 0.129 -0.3426 0.3661, 0.1441 -0.3517 0.3661, 0.1283 -0.3477 0.3661, 0.1408 -0.36 0.3661, 0.1265 -0.3524 0.3661, 0.1356 -0.3674 0.3661, -0.0003 -0.2997 0.3661, -0.0087 -0.3056 0.3661, 0.0003 -0.3194 0.3661, -0.0105 -0.3073 0.3661, -0.0033 -0.3247 0.3661, -0.0168 -0.3154 0.3661, -0.0055 -0.3306 0.3661, 0.0255 -0.3762 0.3661, 0.0244 -0.374 0.3661, 0.0239 -0.3716 0.3661, 0.105 -0.287 0.3661, 0.0945 -0.299 0.3661, 0.1137 -0.297 0.3661, 0.1005 -0.306 0.3661, 0.1046 -0.3145 0.3661, 0.0442 -0.3689 0.3661, 0.0443 -0.3714 0.3661, 0.0591 -0.3792 0.3661, 0.0438 -0.374 0.3661, 0.0561 -0.3852 0.3661, 0.0426 -0.3763 0.3661, 0.0517 -0.3901 0.3661, 0.0409 -0.3782 0.3661, 0.0464 -0.3937 0.3661, 0.0389 -0.3796 0.3661, 0.0405 -0.3959 0.3661, 0.0366 -0.3805 0.3661, 0.0344 -0.3966 0.3661, 0.0341 -0.3808 0.3661, 0.0332 -0.3966 0.3661, 0.027 -0.3956 0.3661, 0.0561 -0.2749 0.3661, 0.0597 -0.2903 0.3661, 0.0691 -0.2733 0.3661, 0.0694 -0.2891 0.3661, 0.08 -0.2744 0.3661, 0.0784 -0.2902 0.3661, 0.0932 -0.2791 0.3661, 0.0867 -0.2934 0.3661, 0.0941 -0.2985 0.3661, -0.021 -0.3249 0.3661, -0.0228 -0.3348 0.3661, -0.0062 -0.3368 0.3661, -0.0228 -0.3373 0.3661, -0.0059 -0.3408 0.3661, -0.0215 -0.3477 0.3661, -0.0041 -0.3472 0.3661, -0.0178 -0.3575 0.3661, -0.0007 -0.3529 0.3661, -0.0118 -0.366 0.3661, -0.0036 -0.373 0.3661, 0.0886 -0.3727 0.3661, 0.0892 -0.3745 0.3661, 0.0968 -0.3629 0.3661, 0.0903 -0.3762 0.3661, 0.0884 -0.371 0.3661, 0.0966 -0.3629 0.3661, 0.0884 -0.3701 0.3661, 0.0949 -0.3631 0.3661, 0.093 -0.3637 0.3661, 0.1236 -0.3565 0.3661, 0.1232 -0.3569 0.3661, 0.1284 -0.3734 0.3661, 0.1193 -0.3601 0.3661, 0.1204 -0.3773 0.3661, 0.1147 -0.3622 0.3661, 0.1116 -0.3792 0.3661, 0.11 -0.3631 0.3661, 0.096 -0.3792 0.3661, 0.0981 -0.3631 0.3661, 0.0954 -0.3791 0.3661, 0.0976 -0.3631 0.3661, 0.0936 -0.3787 0.3661, 0.0918 -0.3776 0.3661, 0.0914 -0.3647 0.3661, 0.09 -0.3662 0.3661, 0.089 -0.3681 0.3661, 0.1372 -0.3206 0.3622, 0.1408 -0.3256 0.3622, 0.1432 -0.3315 0.3622, 0.1441 -0.3336 0.3622, 0.1453 -0.3423 0.3622, 0.1355 -0.3181 0.3622, 0.1283 -0.3121 0.3622, 0.1204 -0.3082 0.3622, 0.1192 -0.3078 0.3622, 0.1137 -0.297 0.3622, 0.105 -0.287 0.3622, 0.0989 -0.2829 0.3622, 0.0932 -0.2791 0.3622, 0.08 -0.2744 0.3622, 0.0691 -0.2733 0.3622, 0.0375 -0.2835 0.3622, 0.0386 -0.2829 0.3622, 0.0439 -0.2796 0.3622, 0.0561 -0.2749 0.3622, 0.0313 -0.2888 0.3622, 0.0259 -0.2951 0.3622, 0.0229 -0.2948 0.3622, 0.0199 -0.2946 0.3622, 0.0094 -0.2959 0.3622, -0.0003 -0.2997 0.3622, -0.0087 -0.3056 0.3622, -0.0105 -0.3073 0.3622, -0.0168 -0.3154 0.3622, -0.0191 -0.3206 0.3622, -0.021 -0.3249 0.3622, -0.0222 -0.3315 0.3622, -0.0228 -0.3348 0.3622, -0.0228 -0.3373 0.3622, -0.0215 -0.3477 0.3622, -0.0178 -0.3575 0.3622, -0.0118 -0.366 0.3622, -0.0036 -0.373 0.3622, 0.0059 -0.3777 0.3622, 0.0093 -0.3787 0.3622, 0.0096 -0.3794 0.3622, 0.0119 -0.3842 0.3622, 0.0158 -0.3891 0.3622, 0.0209 -0.393 0.3622, 0.0235 -0.3941 0.3622, 0.027 -0.3956 0.3622, 0.0332 -0.3966 0.3622, 0.0344 -0.3966 0.3622, 0.0405 -0.3959 0.3622, 0.0453 -0.3941 0.3622, 0.0464 -0.3937 0.3622, 0.0517 -0.3901 0.3622, 0.0561 -0.3852 0.3622, 0.059 -0.3794 0.3622, 0.0591 -0.3792 0.3622, 0.0606 -0.3727 0.3622, 0.0607 -0.3703 0.3622, 0.0607 -0.3676 0.3622, 0.0976 -0.3481 0.3622, 0.0894 -0.3341 0.3622, 0.0541 -0.3526 0.3622, 0.0496 -0.3484 0.3622, 0.044 -0.3454 0.3622, 0.0376 -0.3438 0.3622, 0.0344 -0.3436 0.3622, 0.0282 -0.3444 0.3622, 0.0224 -0.3465 0.3622, 0.017 -0.3503 0.3622, 0.0126 -0.3552 0.3622, 0.0096 -0.361 0.3622, 0.0041 -0.3577 0.3622, -0.0007 -0.3529 0.3622, -0.0041 -0.3472 0.3622, -0.0059 -0.3408 0.3622, -0.0062 -0.3368 0.3622, -0.0056 -0.3315 0.3622, -0.0055 -0.3306 0.3622, -0.0033 -0.3247 0.3622, -0.0005 -0.3206 0.3622, 0.0003 -0.3194 0.3622, 0.0052 -0.3151 0.3622, 0.0111 -0.312 0.3622, 0.0177 -0.3105 0.3622, 0.0201 -0.3104 0.3622, 0.0261 -0.3111 0.3622, 0.032 -0.3132 0.3622, 0.0341 -0.3144 0.3622, 0.0381 -0.306 0.3622, 0.0441 -0.299 0.3622, 0.0511 -0.2938 0.3622, 0.0597 -0.2903 0.3622, 0.0694 -0.2891 0.3622, 0.1063 -0.322 0.3622, 0.106 -0.3206 0.3622, 0.1046 -0.3145 0.3622, 0.1005 -0.306 0.3622, 0.0945 -0.299 0.3622, 0.0941 -0.2985 0.3622, 0.0867 -0.2934 0.3622, 0.0784 -0.2902 0.3622, 0.1084 -0.322 0.3622, 0.1134 -0.3226 0.3622, 0.118 -0.3244 0.3622, 0.1221 -0.3273 0.3622, 0.1252 -0.3307 0.3622, 0.1256 -0.3315 0.3622, 0.1276 -0.3353 0.3622, 0.1288 -0.3403 0.3622, 0.129 -0.3426 0.3622, 0.1283 -0.3477 0.3622, 0.1265 -0.3524 0.3622, 0.1236 -0.3565 0.3622, 0.1232 -0.3569 0.3622, 0.1193 -0.3601 0.3622, 0.1147 -0.3622 0.3622, 0.11 -0.3631 0.3622, 0.0981 -0.3631 0.3622, 0.0976 -0.3631 0.3622, 0.0968 -0.3629 0.3622, 0.0966 -0.3629 0.3622, 0.0949 -0.3631 0.3622, 0.093 -0.3637 0.3622, 0.0914 -0.3647 0.3622, 0.09 -0.3662 0.3622, 0.089 -0.3681 0.3622, 0.0884 -0.3701 0.3622, 0.0884 -0.371 0.3622, 0.0886 -0.3727 0.3622, 0.0892 -0.3745 0.3622, 0.0903 -0.3762 0.3622, 0.0918 -0.3776 0.3622, 0.0936 -0.3787 0.3622, 0.0954 -0.3791 0.3622, 0.096 -0.3792 0.3622, 0.1116 -0.3792 0.3622, 0.1204 -0.3773 0.3622, 0.1284 -0.3734 0.3622, 0.1356 -0.3674 0.3622, 0.1408 -0.36 0.3622, 0.1441 -0.3517 0.3622, 0.0341 -0.3602 0.3622, 0.0359 -0.3604 0.3622, 0.0384 -0.3612 0.3622, 0.0405 -0.3625 0.3622, 0.0423 -0.3643 0.3622, 0.0435 -0.3665 0.3622, 0.0442 -0.3689 0.3622, 0.0443 -0.3714 0.3622, 0.0438 -0.374 0.3622, 0.0426 -0.3763 0.3622, 0.0409 -0.3782 0.3622, 0.0389 -0.3796 0.3622, 0.0366 -0.3805 0.3622, 0.0341 -0.3808 0.3622, 0.0317 -0.3805 0.3622, 0.0293 -0.3796 0.3622, 0.0272 -0.3781 0.3622, 0.0255 -0.3762 0.3622, 0.0244 -0.374 0.3622, 0.0239 -0.3716 0.3622, 0.0239 -0.369 0.3622, 0.0246 -0.3665 0.3622, 0.0259 -0.3643 0.3622, 0.0272 -0.3629 0.3622, 0.0293 -0.3614 0.3622, 0.0316 -0.3605 0.3622, 0.0316 -0.3605 0.3622
            ]
        }
        coordIndex [
            0,1,2,-1,3,4,5,-1,6,7,8,-1,9,10,11,-1,11,10,12,-1,5,4,13,-1,14,15,16,-1,17,18,10,-1,10,18,19,-1,10,19,12,-1,12,19,20,-1,21,22,23,-1,23,22,24,-1,23,24,25,-1,25,24,26,-1,25,26,27,-1,27,26,28,-1,27,28,29,-1,29,28,2,-1,29,2,30,-1,31,32,21,-1,21,32,33,-1,21,33,22,-1,9,11,16,-1,16,11,34,-1,16,34,14,-1,35,1,36,-1,36,1,37,-1,36,37,38,-1,39,40,41,-1,41,40,42,-1,41,42,43,-1,43,42,44,-1,43,44,45,-1,45,44,46,-1,6,8,47,-1,47,8,48,-1,47,48,49,-1,49,48,50,-1,49,50,51,-1,52,53,2,-1,2,53,54,-1,2,54,0,-1,4,55,13,-1,13,55,56,-1,13,56,57,-1,57,56,58,-1,57,58,6,-1,6,58,59,-1,6,59,7,-1,20,19,21,-1,21,19,60,-1,21,60,31,-1,44,61,46,-1,46,61,62,-1,46,62,63,-1,63,62,64,-1,63,64,65,-1,65,64,66,-1,64,67,66,-1,66,67,68,-1,66,68,69,-1,69,68,70,-1,69,70,71,-1,71,70,72,-1,71,72,73,-1,5,74,3,-1,3,74,75,-1,3,75,76,-1,76,75,77,-1,76,77,78,-1,78,77,79,-1,78,79,80,-1,35,81,1,-1,1,81,82,-1,1,82,2,-1,2,82,83,-1,2,83,30,-1,84,85,86,-1,86,85,87,-1,86,87,41,-1,41,87,88,-1,41,88,39,-1,15,89,16,-1,16,89,90,-1,16,90,91,-1,91,90,92,-1,91,92,93,-1,93,92,94,-1,93,94,95,-1,95,94,96,-1,95,96,97,-1,97,96,98,-1,97,98,99,-1,99,98,100,-1,99,100,101,-1,101,100,102,-1,101,102,103,-1,103,102,38,-1,103,38,104,-1,104,38,37,-1,51,50,105,-1,105,50,106,-1,105,106,107,-1,107,106,108,-1,107,108,109,-1,109,108,110,-1,109,110,111,-1,111,110,112,-1,111,112,84,-1,84,112,113,-1,84,113,85,-1,79,114,80,-1,80,114,115,-1,80,115,116,-1,116,115,117,-1,116,117,118,-1,118,117,119,-1,118,119,120,-1,120,119,121,-1,120,121,122,-1,122,121,123,-1,122,123,52,-1,52,123,124,-1,52,124,53,-1,125,126,127,-1,127,126,128,-1,125,127,129,-1,129,127,130,-1,129,130,131,-1,131,130,132,-1,131,132,133,-1,72,134,73,-1,73,134,135,-1,73,135,136,-1,136,135,137,-1,136,137,138,-1,138,137,139,-1,138,139,140,-1,140,139,141,-1,140,141,142,-1,142,141,143,-1,142,143,144,-1,144,143,145,-1,144,145,146,-1,146,145,127,-1,146,127,147,-1,147,127,128,-1,133,148,131,-1,131,148,149,-1,131,149,150,-1,151,46,152,-1,152,46,63,-1,152,63,153,-1,153,63,65,-1,153,65,154,-1,154,65,66,-1,154,66,155,-1,151,156,46,-1,46,156,157,-1,46,157,45,-1,45,157,158,-1,45,158,43,-1,43,158,159,-1,43,159,41,-1,41,159,160,-1,41,160,86,-1,86,160,161,-1,86,161,84,-1,84,161,111,-1,111,161,162,-1,162,163,111,-1,111,163,164,-1,111,164,109,-1,109,164,165,-1,109,165,107,-1,166,49,167,-1,167,49,51,-1,167,51,168,-1,168,51,105,-1,168,105,169,-1,169,105,107,-1,169,107,165,-1,49,166,170,-1,49,170,47,-1,47,170,171,-1,47,171,6,-1,6,171,172,-1,6,172,57,-1,57,172,173,-1,57,173,13,-1,13,173,174,-1,13,174,5,-1,5,174,175,-1,5,175,74,-1,74,175,176,-1,74,176,75,-1,75,176,177,-1,75,177,77,-1,114,79,178,-1,178,79,77,-1,178,77,177,-1,178,179,114,-1,114,179,180,-1,114,180,115,-1,115,180,181,-1,181,182,115,-1,115,182,183,-1,115,183,117,-1,117,183,184,-1,117,184,119,-1,119,184,185,-1,119,185,121,-1,121,185,186,-1,121,186,123,-1,123,186,187,-1,123,187,124,-1,124,187,188,-1,124,188,53,-1,53,188,189,-1,53,189,54,-1,54,189,190,-1,54,190,0,-1,190,191,0,-1,0,191,192,-1,0,192,1,-1,1,192,193,-1,1,193,37,-1,37,193,194,-1,37,194,104,-1,194,195,104,-1,104,195,196,-1,104,196,103,-1,103,196,197,-1,103,197,101,-1,101,197,198,-1,101,198,99,-1,99,198,199,-1,99,199,97,-1,199,200,97,-1,97,200,201,-1,97,201,95,-1,95,201,202,-1,95,202,93,-1,93,202,203,-1,93,203,91,-1,203,204,91,-1,91,204,205,-1,91,205,16,-1,16,205,206,-1,16,206,9,-1,10,9,207,-1,207,9,206,-1,17,10,208,-1,208,10,207,-1,18,17,209,-1,209,17,208,-1,19,18,210,-1,210,18,209,-1,19,210,211,-1,19,211,60,-1,60,211,212,-1,60,212,31,-1,31,212,213,-1,31,213,32,-1,32,213,214,-1,32,214,33,-1,33,214,215,-1,33,215,22,-1,22,215,216,-1,22,216,24,-1,24,216,217,-1,24,217,26,-1,26,217,218,-1,26,218,28,-1,28,218,219,-1,28,219,2,-1,2,219,220,-1,2,220,52,-1,52,220,221,-1,52,221,122,-1,122,221,222,-1,122,222,120,-1,120,222,223,-1,120,223,118,-1,118,223,224,-1,118,224,116,-1,224,225,116,-1,116,225,80,-1,225,226,80,-1,80,226,227,-1,80,227,78,-1,78,227,228,-1,78,228,76,-1,228,229,76,-1,76,229,230,-1,76,230,3,-1,3,230,231,-1,3,231,4,-1,4,231,232,-1,4,232,55,-1,55,232,233,-1,55,233,56,-1,56,233,234,-1,56,234,58,-1,58,234,235,-1,58,235,59,-1,59,235,236,-1,59,236,7,-1,7,236,237,-1,7,237,8,-1,8,237,238,-1,8,238,48,-1,48,238,239,-1,48,239,50,-1,50,239,240,-1,50,240,106,-1,106,240,241,-1,106,241,108,-1,242,39,243,-1,243,39,88,-1,243,88,244,-1,244,88,87,-1,244,87,245,-1,245,87,85,-1,245,85,246,-1,246,85,113,-1,246,113,247,-1,247,113,112,-1,247,112,248,-1,248,112,110,-1,248,110,249,-1,249,110,108,-1,249,108,241,-1,40,39,250,-1,250,39,242,-1,40,250,251,-1,40,251,42,-1,42,251,252,-1,42,252,44,-1,44,252,253,-1,44,253,61,-1,61,253,254,-1,61,254,62,-1,62,254,255,-1,62,255,64,-1,255,256,64,-1,64,256,257,-1,64,257,67,-1,67,257,258,-1,67,258,68,-1,68,258,259,-1,68,259,70,-1,70,259,260,-1,70,260,72,-1,72,260,261,-1,72,261,134,-1,134,261,262,-1,134,262,135,-1,135,262,263,-1,135,263,137,-1,137,263,264,-1,137,264,139,-1,139,264,265,-1,139,265,141,-1,143,141,266,-1,266,141,265,-1,143,266,267,-1,143,267,145,-1,145,267,268,-1,145,268,127,-1,127,268,269,-1,127,269,130,-1,130,269,270,-1,130,270,132,-1,132,270,271,-1,132,271,133,-1,133,271,272,-1,133,272,148,-1,148,272,273,-1,148,273,149,-1,149,273,274,-1,149,274,150,-1,150,274,275,-1,150,275,131,-1,131,275,276,-1,131,276,129,-1,129,276,277,-1,129,277,125,-1,125,277,278,-1,125,278,126,-1,126,278,279,-1,126,279,128,-1,128,279,280,-1,128,280,147,-1,147,280,281,-1,147,281,146,-1,146,281,282,-1,146,282,144,-1,144,282,283,-1,144,283,142,-1,140,142,284,-1,284,142,283,-1,140,284,285,-1,140,285,138,-1,138,285,286,-1,138,286,136,-1,136,286,287,-1,136,287,73,-1,73,287,288,-1,73,288,71,-1,71,288,289,-1,71,289,69,-1,69,289,155,-1,69,155,66,-1,20,290,291,-1,20,291,12,-1,12,291,292,-1,12,292,11,-1,11,292,293,-1,11,293,34,-1,34,293,294,-1,34,294,14,-1,14,294,295,-1,14,295,15,-1,15,295,296,-1,15,296,89,-1,89,296,297,-1,89,297,90,-1,90,297,298,-1,90,298,92,-1,92,298,299,-1,92,299,94,-1,94,299,300,-1,94,300,96,-1,96,300,301,-1,96,301,98,-1,98,301,302,-1,98,302,100,-1,100,302,303,-1,100,303,102,-1,102,303,304,-1,102,304,38,-1,38,304,305,-1,38,305,36,-1,36,305,306,-1,36,306,35,-1,35,306,307,-1,35,307,81,-1,81,307,308,-1,81,308,82,-1,82,308,309,-1,82,309,83,-1,83,309,310,-1,83,310,30,-1,30,310,311,-1,30,311,29,-1,29,311,312,-1,29,312,27,-1,27,312,313,-1,27,313,25,-1,25,313,314,-1,25,314,23,-1,23,314,315,-1,23,315,21,-1,21,315,290,-1,21,290,20,-1,
        ]
    }
}
Shape{
    appearance Appearance {
        material  Material 	{
            diffuseColor 0.2235294117647059 0.2235294117647059 0.2235294117647059
            specularColor 0.11372549019607843 0.11372549019607843 0.11372549019607843
            ambientIntensity 0.2
            transparency 0
            shininess 0.5
        }
    }
    geometry IndexedFaceSet {
        ccw TRUE
        solid FALSE
        coord DEF co Coordinate {
            point [
                0.0341 -0.3808 0.3622, 0.0272 -0.3629 0.3622, 0.0259 -0.3643 0.3622, 0.0341 -0.3602 0.3622, 0.0359 -0.3604 0.3622, 0.0366 -0.3805 0.3622, 0.0316 -0.3605 0.3622, 0.0293 -0.3614 0.3622, 0.0409 -0.3782 0.3622, 0.0423 -0.3643 0.3622, 0.0405 -0.3625 0.3622, 0.0244 -0.374 0.3622, 0.0255 -0.3762 0.3622, 0.0272 -0.3781 0.3622, 0.0389 -0.3796 0.3622, 0.0384 -0.3612 0.3622, 0.0246 -0.3665 0.3622, 0.0239 -0.369 0.3622, 0.0239 -0.3716 0.3622, 0.0293 -0.3796 0.3622, 0.0317 -0.3805 0.3622, 0.0438 -0.374 0.3622, 0.0443 -0.3714 0.3622, 0.0426 -0.3763 0.3622, 0.0442 -0.3689 0.3622, 0.0435 -0.3665 0.3622, 0.0435 -0.3665 0.3622
            ]
        }
        coordIndex [
            0,1,2,-1,3,0,4,-1,4,0,5,-1,3,6,0,-1,0,6,7,-1,0,7,1,-1,8,9,10,-1,11,12,2,-1,2,12,13,-1,5,14,4,-1,4,14,8,-1,4,8,15,-1,15,8,10,-1,16,17,2,-1,2,17,18,-1,2,18,11,-1,13,19,2,-1,2,19,20,-1,2,20,0,-1,21,22,23,-1,23,22,24,-1,23,24,8,-1,8,24,25,-1,8,25,9,-1,
        ]
    }
}